title         = ASCII CSV version of worksheet 7, "Oil: Consumption" from the 2012 British Petroleum Statistical Review
file URL      = http://mazamascience.com/Data/Energy/BP/2012/BP_2012_oil_consumption_mtoe.csv
original data = http://www.bp.com/assets/bp_internet/globalbp/globalbp_uk_english/reports_and_publications/statistical_energy_review_2012/STAGING/local_assets/spreadsheets/statistical_review_of_world_energy_full_report_2012.xlsx
country codes = ISO3166-1 two-letter codes or 'BP_~~~' for non-standard BP groupings (e.g. BP_TNA = Total North America)
units         = million tonnes

"YEAR","AE","AR","AT","AU","AZ","BD","BG","BP_BELU","BP_EU2","BP_FSU","BP_NONOECD","BP_OAF","BP_OAP","BP_OECD","BP_OEE","BP_OME","BP_OSCA","BP_TAF","BP_TAP","BP_TEE","BP_TME","BP_TNA","BP_TSCA","BP_WORLD","BR","BY","CA","CH","CL","CN","CO","CZ","DE","DK","DZ","EC","EG","ES","FI","FR","GB","GR","HK","HU","ID","IE","IL","IN","IR","IT","JP","KR","KW","KZ","LT","MX","MY","NL","NO","NZ","PE","PH","PK","PL","PT","QA","RO","RU","SA","SE","SG","SK","TH","TM","TR","TT","TW","UA","US","UZ","VE","VN","ZA"
1965,0.0,22.102,5.561,16.902,"na",0.0,3.702,0.0,383.972,168.325,385.163,11.999,3.053,1127.643,173.6,8.754,21.528,25.83,163.467,574.31,47.683,620.172,81.344,1512.805,14.878,"na",53.835,8.037,3.338,10.96,3.924,3.997,86.274,10.215,1.289,0.661,6.936,14.209,5.721,53.887,74.223,4.435,2.12,3.776,6.12,2.424,4.118,12.642,10.025,52.29,87.936,1.287,5.151,"na","na",14.229,1.997,25.286,5.105,2.718,3.579,4.176,3.777,5.409,2.744,0.0,7.147,"na",19.577,18.949,3.829,2.298,2.3,"na",5.021,1.994,2.164,"na",552.108,"na",9.34,1.486,5.606
1966,0.0,22.791,6.116,18.12,"na",0.0,4.226,16.257,438.238,180.256,417.625,13.381,3.544,1227.533,186.591,9.2,23.274,28.616,186.872,642.072,49.368,651.137,87.093,1645.158,16.218,"na",56.711,8.551,3.696,14.074,4.468,4.418,96.472,11.56,1.693,0.691,7.449,16.801,6.923,57.663,79.472,4.839,2.323,4.144,5.894,2.704,4.298,14.126,11.072,57.651,100.047,1.927,4.994,"na","na",14.761,2.367,27.384,5.761,3.014,4.499,4.556,3.878,5.62,2.902,0.0,7.447,"na",19.745,21.483,4.472,2.539,2.719,"na",4.548,2.008,2.564,"na",579.665,"na",9.448,3.247,6.093
1967,0.0,23.317,6.513,19.812,"na",0.0,5.316,17.941,474.212,196.394,446.868,14.443,4.083,1316.944,203.979,9.673,24.454,28.704,218.637,697.233,51.23,678.227,89.781,1763.812,16.759,"na",60.566,9.263,3.871,13.9,4.489,4.916,100.073,12.242,1.578,0.746,6.06,20.34,7.249,66.219,85.254,5.689,2.784,4.379,5.67,3.023,4.484,14.57,12.23,63.717,122.969,3.342,4.841,"na","na",15.783,2.418,27.999,5.956,3.17,4.54,5.145,4.335,6.089,3.204,0.071,8.429,"na",19.913,21.023,5.61,2.825,3.023,"na",5.595,2.102,3.05,"na",601.878,"na",9.504,4.756,6.623
1968,0.0,23.794,7.536,21.892,"na",0.0,6.3,20.854,521.003,209.335,479.52,15.25,4.433,1435.893,218.124,10.174,24.552,30.475,250.572,760.445,53.273,725.45,95.198,1915.412,20.139,"na",64.477,10.28,4.096,15.2,4.975,5.42,112.366,13.635,1.682,0.891,6.342,21.606,8.224,71.782,90.388,5.815,3.04,4.579,5.993,3.364,4.68,16.316,13.511,70.259,142.741,4.942,4.693,"na","na",17.294,2.45,30.111,6.63,3.253,4.572,5.883,4.936,7.62,3.442,0.092,8.866,"na",20.083,23.758,7.005,3.116,3.993,"na",6.37,2.145,3.643,"na",643.679,"na",10.034,4.852,7.201
1969,0.061,24.679,8.278,23.425,"na",0.0,7.736,24.053,582.838,222.581,515.036,16.711,4.871,1566.904,232.224,10.701,26.283,31.085,292.334,838.351,55.479,764.756,99.935,2081.939,22.109,"na",67.135,11.167,4.373,20.377,4.763,5.819,126.325,16.49,1.775,0.946,4.68,24.6,9.563,82.953,97.321,6.19,3.605,5.115,6.393,3.651,4.884,19.596,14.922,77.334,169.072,6.709,4.549,"na","na",18.211,2.532,32.899,7.291,3.378,4.509,6.303,4.632,8.387,3.85,0.107,9.895,"na",20.255,26.804,6.878,3.345,4.33,"na",7.061,2.257,4.369,"na",679.41,"na",10.016,5.864,7.919
1970,0.122,22.079,9.097,24.451,"na",0.0,8.986,26.211,645.482,245.084,562.887,17.932,5.07,1697.369,256.127,11.261,27.828,34.621,338.02,927.69,58.467,797.864,103.595,2260.256,25.197,"na",71.614,12.523,4.597,28.191,5.355,6.984,138.749,18.38,2.032,1.081,6.075,28.066,10.763,94.272,103.57,6.707,3.894,5.932,6.79,4.101,5.096,19.505,17.056,87.333,199.238,8.38,4.409,"na","na",19.601,2.852,36.51,8.198,3.975,4.744,7.183,4.581,8.864,4.61,0.093,10.714,"na",20.429,29.26,7.524,4.014,5.053,"na",7.719,2.318,5.254,"na",706.649,"na",10.396,6.079,8.582
1971,0.136,23.547,10.156,25.803,"na",0.0,9.889,26.855,674.681,259.892,604.879,19.023,4.819,1778.139,272.501,12.615,28.635,36.963,374.628,974.955,61.977,824.868,109.627,2383.018,27.974,"na",73.523,13.281,5.177,38.43,5.531,7.685,144.039,18.392,2.288,1.194,6.264,30.898,11.138,102.768,104.272,7.405,4.097,6.679,7.029,4.525,5.317,20.475,18.902,93.821,219.765,9.461,4.315,"na","na",20.709,3.126,35.988,8.092,4.103,4.699,8.319,4.29,9.423,5.437,0.089,10.876,"na",20.603,27.465,6.62,4.418,5.626,"na",8.952,2.261,7.522,"na",730.636,"na",10.608,5.143,9.388
1972,0.179,23.59,10.957,25.784,"na",0.757,10.282,29.075,722.156,281.892,659.196,20.375,5.492,1907.642,295.073,13.617,30.628,40.279,403.39,1046.621,67.087,890.506,118.954,2566.837,32.106,"na",77.395,13.612,5.376,44.175,6.297,8.419,152.236,19.379,2.514,1.228,7.15,32.54,11.865,114.123,110.537,8.586,4.679,7.259,7.584,4.984,5.535,22.091,20.943,98.188,234.466,9.876,4.687,"na","na",23.186,3.539,40.06,8.476,4.417,4.001,8.164,3.554,10.578,5.85,0.106,11.619,"na",22.02,28.067,8.25,4.839,7.08,"na",10.017,3.732,8.148,"na",789.925,"na",11.996,5.335,10.24
1973,0.28,23.604,11.866,28.206,"na",0.876,10.849,30.561,772.64,303.066,719.274,22.724,5.512,2049.49,317.508,14.01,32.69,43.488,459.752,1122.88,72.46,940.543,129.64,2768.764,39.618,"na",81.651,14.65,5.059,53.83,6.024,9.47,162.23,17.929,2.739,1.363,6.722,39.138,13.272,127.269,113.227,10.0,4.855,8.155,9.055,5.401,5.897,23.314,24.377,103.557,269.192,12.158,4.421,"na","na",24.657,4.055,41.29,8.609,4.679,4.662,9.597,3.641,11.742,6.255,0.138,13.066,"na",23.337,28.962,7.709,5.444,7.499,"na",12.43,3.751,10.333,"na",834.235,"na",12.87,5.241,11.303
1974,0.388,23.781,10.613,29.042,"na",0.967,11.284,26.875,725.783,333.061,763.993,23.359,5.693,1963.359,348.74,14.125,32.093,44.826,455.672,1105.204,75.439,912.211,133.998,2727.351,42.764,"na",83.008,13.031,4.925,61.89,6.675,9.719,146.979,16.025,3.036,1.557,7.42,41.081,11.561,121.007,105.258,9.39,4.969,8.932,9.468,5.352,5.993,22.834,26.261,100.755,259.032,12.55,4.046,"na","na",28.412,4.101,35.387,7.841,4.411,5.493,8.977,3.921,12.39,6.576,0.188,12.054,"na",24.438,26.27,7.599,5.587,7.655,"na",12.497,3.7,9.373,"na",800.791,"na",13.011,3.191,11.011
1975,0.629,22.315,10.713,28.581,"na",1.119,11.965,25.404,697.067,348.783,792.045,23.357,5.509,1904.21,363.813,14.537,32.213,46.637,452.57,1092.566,73.026,897.619,133.837,2696.254,44.161,"na",81.128,12.511,4.306,68.25,6.716,10.725,142.617,15.674,3.378,1.52,8.218,42.652,11.943,110.378,92.043,9.943,4.67,10.049,10.863,5.232,6.2,23.347,29.95,94.531,244.093,14.194,3.127,"na","na",31.951,4.488,34.828,8.1,4.199,5.752,9.684,4.066,13.491,6.823,0.224,13.657,"na",18.359,25.867,7.412,6.164,8.25,"na",13.443,2.822,10.806,"na",784.54,"na",14.032,3.038,11.684
1976,0.931,23.229,11.65,29.77,"na",1.207,12.431,26.486,744.371,358.45,838.889,26.893,5.763,2031.473,374.585,15.975,32.823,52.293,481.312,1153.804,80.073,963.273,139.608,2870.362,47.617,"na",85.436,12.993,4.474,78.03,7.087,11.336,154.035,16.746,3.877,1.709,9.712,48.346,12.826,119.452,91.36,10.574,5.518,10.506,11.723,5.305,6.581,24.593,31.084,98.819,253.549,15.949,3.694,"na","na",35.445,4.885,39.18,8.957,4.316,5.832,9.954,4.061,14.902,7.134,0.308,15.234,"na",21.5,29.039,8.717,6.516,8.697,"na",15.392,3.181,13.788,"na",842.392,"na",13.656,0.793,11.811
1977,1.393,24.414,11.141,31.017,"na",1.187,12.927,26.055,733.929,372.132,887.236,28.835,5.984,2079.16,389.423,17.036,33.857,55.298,504.231,1159.27,87.572,1012.302,147.723,2966.396,49.024,"na",86.309,13.056,4.648,82.4,7.096,11.852,152.471,16.579,4.4,2.131,10.366,45.508,12.507,114.582,92.024,10.764,5.972,11.178,14.096,5.658,6.926,26.413,33.191,96.064,258.523,18.984,3.573,"na","na",36.574,5.485,37.596,8.82,4.352,5.835,10.89,4.27,15.941,7.136,0.41,16.501,"na",25.043,28.049,8.692,6.813,9.779,"na",16.625,3.101,15.391,"na",889.419,"na",17.617,0.795,11.697
1978,1.52,24.365,12.0,30.794,"na",1.286,13.315,27.798,758.888,394.79,947.785,30.151,6.866,2098.294,413.662,18.644,35.317,57.687,530.987,1208.517,94.379,1000.152,154.358,3046.079,53.989,"na",87.957,13.421,4.941,91.25,7.224,12.261,158.118,16.083,4.521,2.173,10.728,46.394,12.545,118.961,94.032,11.702,6.201,12.366,15.534,6.041,7.406,28.717,35.62,99.775,264.059,21.672,3.862,"na","na",41.551,5.996,38.365,9.85,4.134,5.796,11.223,4.549,17.058,7.401,0.398,18.41,"na",26.929,26.601,8.905,7.048,10.979,"na",15.31,2.773,17.857,"na",870.644,"na",17.78,0.965,12.287
1979,2.076,25.877,12.504,31.269,"na",1.419,13.726,27.638,778.014,401.893,986.371,32.489,7.615,2109.948,421.799,21.733,35.915,61.322,544.564,1234.661,106.966,988.5,160.306,3096.318,57.168,"na",91.501,12.875,5.158,91.1,7.673,12.461,163.161,15.876,5.42,2.314,11.763,49.146,13.302,118.343,94.545,12.383,6.342,11.629,16.919,6.35,8.142,31.004,37.55,103.195,266.885,24.367,4.309,"na","na",44.656,7.215,41.51,9.786,4.182,6.058,11.589,4.844,17.39,8.091,0.432,19.598,"na",32.724,27.473,9.592,7.163,11.101,"na",14.718,2.123,18.007,"na",852.343,"na",18.02,1.113,11.65
1980,5.092,24.171,12.188,29.691,"na",1.592,13.972,25.567,723.874,421.467,1013.921,38.071,10.426,1965.096,439.502,22.576,39.765,68.688,516.932,1198.1,103.212,928.644,163.442,2979.018,55.379,"na",90.104,12.846,5.064,85.357,7.287,11.6,147.317,13.555,5.469,2.962,13.165,52.153,12.794,109.891,80.801,12.4,6.493,11.279,18.941,5.716,7.933,31.633,32.648,97.897,237.848,24.123,4.344,"na","na",49.396,8.056,38.793,9.391,4.113,6.553,10.881,5.073,17.126,8.462,0.693,18.571,"na",29.926,24.78,9.509,6.668,11.582,"na",14.83,1.67,19.683,"na",789.144,"na",20.591,1.931,11.983
1981,5.603,22.364,11.046,29.216,"na",1.603,12.457,23.429,673.314,425.3,1020.791,38.72,10.58,1846.964,442.002,25.954,39.044,72.739,501.781,1149.063,111.077,873.521,159.574,2867.755,52.829,"na",84.228,11.865,5.059,81.142,7.468,11.431,133.448,12.814,5.889,3.327,15.151,50.358,12.251,99.004,74.66,11.92,6.882,10.775,21.073,5.063,8.081,34.036,28.994,95.658,223.797,23.872,5.828,"na","na",54.021,8.388,36.22,8.727,3.909,6.688,10.225,5.388,16.052,8.848,0.756,16.662,"na",35.861,22.384,10.926,6.571,11.042,"na",15.417,1.654,18.02,"na",735.272,"na",21.141,1.683,12.979
1982,6.244,21.437,10.469,28.416,"na",1.467,12.064,22.177,636.854,422.337,1028.934,40.655,10.337,1747.975,439.52,26.785,37.015,77.282,485.973,1110.007,119.635,826.157,157.854,2776.908,53.804,"na",75.363,11.209,4.941,80.149,7.655,10.427,125.939,10.977,6.245,3.643,17.237,47.76,11.314,91.504,75.56,11.901,6.698,10.197,21.801,4.414,7.796,35.403,31.448,90.693,209.527,23.683,6.572,"na","na",55.754,9.017,31.506,8.374,3.869,6.572,9.841,5.975,15.165,9.466,1.049,16.38,"na",39.741,20.509,10.658,5.994,9.997,"na",16.488,1.836,17.426,"na",695.04,"na",20.95,1.709,13.145
1983,6.286,21.866,10.109,27.26,"na",1.336,11.634,20.077,616.234,416.294,1036.911,40.474,10.373,1717.625,434.56,26.799,35.663,79.744,491.2,1085.199,130.185,814.795,153.413,2754.536,52.14,"na",70.49,12.262,4.79,81.791,7.925,10.207,123.096,10.373,7.011,3.337,18.99,47.775,10.504,89.4,72.433,11.414,5.942,9.669,21.448,4.008,7.352,37.223,37.732,89.198,209.137,24.711,7.298,"na","na",54.398,9.614,29.737,8.272,3.761,5.689,10.29,6.589,15.663,9.473,1.149,14.644,"na",43.569,18.575,11.248,5.867,11.196,"na",16.249,1.584,17.323,"na",689.907,"na",20.42,1.958,13.269
1984,7.234,20.61,9.82,28.503,"na",1.588,11.167,19.393,620.886,416.467,1050.854,38.812,9.701,1763.958,433.448,29.472,36.665,81.5,508.66,1089.345,139.266,843.279,152.762,2814.812,53.3,"na",71.215,11.824,4.736,84.626,7.875,10.818,122.471,10.361,7.76,3.344,20.48,44.779,10.648,85.888,89.612,11.689,5.487,10.137,22.903,3.942,6.878,39.934,40.693,84.861,219.758,24.77,7.757,"na","na",58.029,9.379,29.352,8.565,3.874,5.874,8.396,7.145,16.076,9.498,1.298,14.011,"na",45.934,17.784,11.901,6.219,11.648,"na",16.982,1.35,17.132,"na",714.035,"na",19.007,1.915,14.448
1985,9.025,18.677,9.835,26.986,8.252,1.716,10.362,19.664,628.789,422.194,1071.496,41.067,9.613,1744.061,48.395,31.027,32.698,83.952,505.032,1085.908,147.961,842.672,150.031,2815.556,54.972,25.396,71.198,12.021,4.599,89.82,8.175,10.623,126.338,10.672,7.966,4.12,20.803,42.88,10.754,84.3,77.429,11.978,5.159,10.325,22.55,3.93,6.515,43.333,44.796,84.394,207.582,26.081,8.022,20.7,8.677,60.51,9.356,29.59,8.992,3.719,5.674,7.445,7.666,16.351,8.766,1.825,15.031,247.358,46.751,19.153,12.04,6.18,11.023,4.861,16.766,1.439,19.001,64.328,710.964,11.609,19.677,1.943,14.116
1986,10.899,21.507,10.377,28.16,8.649,1.71,10.921,22.265,646.989,424.0,1098.319,39.743,9.837,1802.623,48.048,32.315,29.064,82.331,525.478,1113.238,149.619,873.103,157.174,2900.942,61.178,30.004,71.388,13.178,4.84,95.68,8.085,10.178,133.263,10.464,8.078,4.182,20.887,42.723,11.25,86.04,77.384,12.159,5.023,9.53,23.838,4.869,6.739,45.53,43.271,86.45,209.586,28.352,8.342,18.869,7.26,60.77,9.365,32.8,9.698,3.826,6.069,7.83,8.229,16.879,9.473,2.152,16.159,250.384,45.901,19.719,14.174,5.967,11.32,3.538,18.302,1.559,20.848,64.533,740.945,11.903,20.69,2.17,13.623
1987,11.878,22.962,10.67,28.681,8.144,1.68,10.491,22.43,647.287,425.699,1127.717,41.136,9.725,1828.174,47.355,32.414,30.645,85.402,541.993,1117.647,155.684,893.787,161.378,2955.891,62.815,29.676,74.148,12.396,5.059,101.523,8.505,10.27,129.486,9.588,8.158,4.217,21.707,44.727,11.184,86.6,75.16,13.205,4.912,10.001,24.828,4.26,7.517,46.995,45.161,90.14,210.315,29.768,8.202,18.25,7.967,63.731,9.555,33.004,9.586,4.166,6.698,9.103,8.919,17.08,8.909,2.292,17.77,252.497,48.22,18.07,14.745,5.868,12.775,3.534,20.963,1.022,21.772,67.077,755.909,11.289,19.454,2.531,14.401
1988,14.184,22.976,10.561,29.943,8.345,1.845,11.13,23.125,653.588,419.765,1150.988,43.041,9.811,1896.385,49.12,34.611,30.874,89.125,588.485,1121.256,154.556,929.252,164.699,3047.373,64.505,28.747,77.968,12.43,5.612,108.837,8.958,9.856,129.37,9.517,8.168,4.079,22.042,45.778,11.033,86.0,79.972,13.661,5.625,9.241,26.101,3.845,8.3,51.53,39.621,91.69,226.371,35.644,7.999,18.335,7.661,63.556,10.06,35.096,8.976,4.221,6.547,9.808,9.597,17.504,8.72,1.501,16.649,250.562,48.339,17.309,17.086,5.727,14.471,3.53,22.262,0.921,24.892,61.579,787.728,13.923,20.227,2.643,15.874
1989,14.87,20.831,10.381,31.063,8.14,1.999,10.845,22.699,656.883,418.366,1182.992,45.124,9.711,1919.943,47.205,35.752,33.739,93.036,624.84,1120.124,162.935,935.837,166.164,3102.935,65.65,26.917,80.989,11.923,6.286,113.953,9.189,9.38,121.609,9.231,8.553,4.216,22.911,48.104,11.011,88.4,81.732,14.961,6.0,8.93,27.6,3.956,8.519,55.801,46.35,93.806,235.049,40.959,7.847,18.72,7.859,67.845,10.903,34.618,9.113,4.277,5.804,10.999,10.251,17.345,11.311,1.657,17.192,255.29,47.939,17.346,19.514,5.668,17.042,3.526,20.763,0.776,27.273,58.837,787.003,13.306,19.673,2.447,16.449
1990,15.564,19.666,10.785,31.58,8.543,1.909,6.788,23.845,660.487,419.663,1218.393,45.764,10.297,1939.68,50.542,39.001,39.681,95.269,664.492,1130.28,174.507,923.316,170.208,3158.072,63.786,24.889,79.812,12.757,6.627,112.858,9.332,8.447,127.277,9.011,9.156,4.18,23.756,46.414,10.954,89.4,82.884,15.699,6.281,9.276,31.719,4.409,8.722,57.943,49.953,93.622,248.095,49.527,5.406,21.554,7.512,71.008,13.004,35.713,9.334,4.936,5.807,11.486,10.733,15.843,11.055,1.715,18.693,251.734,54.146,17.416,23.301,4.966,19.952,4.606,22.042,1.265,28.001,63.797,772.497,10.473,19.863,2.87,16.593
1991,19.233,20.16,11.624,30.812,8.24,1.696,4.203,25.787,666.167,402.541,1212.419,48.607,9.632,1944.759,36.634,38.118,39.605,97.767,693.269,1108.385,181.887,904.746,171.125,3157.178,64.885,24.066,75.284,12.973,6.838,121.853,9.575,7.095,133.142,9.076,9.069,4.74,23.369,46.916,10.571,94.645,82.51,15.783,6.268,8.014,33.591,4.85,8.965,58.903,52.495,92.444,251.764,59.89,3.674,21.748,8.263,74.021,13.883,36.585,8.566,4.821,5.37,11.125,11.357,14.93,11.487,1.474,15.566,245.347,57.927,16.419,23.726,4.353,21.858,5.156,22.033,1.181,29.29,58.122,755.441,11.236,18.771,2.801,16.722
1992,19.369,21.292,11.325,30.888,8.031,1.823,3.926,26.444,668.227,362.739,1212.893,50.304,9.616,1994.988,31.17,41.219,39.824,99.405,738.042,1077.402,186.784,923.84,182.408,3207.881,68.992,20.503,76.783,13.141,7.351,132.378,10.546,6.78,134.338,8.983,9.113,4.571,22.712,52.335,10.344,94.444,83.564,16.059,8.065,8.09,36.214,5.074,9.437,62.075,54.335,94.453,257.781,72.31,5.558,20.33,4.343,74.823,13.999,37.221,8.896,5.055,5.612,13.68,12.405,13.597,12.811,1.535,12.66,236.439,55.331,17.397,24.607,3.92,23.998,5.953,23.284,1.709,30.084,42.873,772.234,8.675,22.511,3.064,17.276
1993,20.031,21.085,11.418,32.684,8.001,2.085,4.538,25.882,661.809,287.699,1171.907,51.582,10.12,2002.611,27.277,44.458,40.277,100.275,769.777,999.283,190.895,930.167,184.121,3174.518,71.126,14.523,77.114,12.312,8.01,145.791,11.236,6.873,136.317,9.501,9.079,4.79,21.611,50.469,9.904,91.087,84.002,16.663,8.388,7.691,38.012,5.139,9.625,62.662,53.601,92.649,252.018,79.307,5.094,15.73,3.79,74.549,15.491,37.109,9.341,5.096,5.883,14.085,13.523,14.039,12.01,1.559,12.121,196.61,56.527,16.958,26.616,3.244,27.387,3.085,26.82,1.487,32.57,24.959,778.504,9.221,20.228,3.942,18.003
1994,21.047,20.289,11.263,34.046,7.267,2.176,4.458,27.934,663.723,248.397,1179.14,54.244,10.151,2060.362,23.689,46.212,43.108,103.165,815.828,961.852,205.086,958.971,194.601,3239.502,75.597,11.807,78.448,12.732,8.81,148.124,11.591,7.057,135.136,10.147,8.67,5.225,21.467,52.562,10.374,88.227,82.922,16.878,8.931,8.129,38.942,5.612,10.749,67.384,55.958,92.468,266.724,86.997,6.858,12.321,3.518,81.411,18.002,37.3,9.597,5.56,6.394,14.896,14.526,14.808,12.018,1.664,11.246,174.4,62.599,17.963,30.518,3.348,30.557,3.09,25.735,1.119,33.934,19.931,799.112,7.915,22.468,4.36,18.783
1995,21.046,20.253,11.254,35.289,6.58,2.85,4.865,27.75,676.142,219.998,1203.54,54.853,10.778,2076.315,23.185,48.491,44.56,106.601,862.325,948.581,210.284,951.222,200.843,3279.855,78.798,10.493,79.774,11.797,9.673,160.2,12.224,8.005,135.145,10.499,8.433,5.053,23.28,57.47,9.927,89.041,81.903,17.601,9.568,7.651,42.332,5.713,12.037,75.232,60.194,95.525,267.343,94.845,7.084,11.975,3.173,74.75,18.625,38.841,9.381,5.784,7.213,16.796,15.753,14.935,12.984,1.745,13.494,152.202,59.686,17.082,31.85,3.241,33.813,2.845,28.339,1.284,36.47,19.016,796.697,6.67,21.785,4.797,20.034
1996,20.377,21.045,11.638,35.925,5.937,2.893,4.293,30.3,689.777,190.339,1214.483,54.814,11.909,2135.305,24.965,48.829,45.8,108.142,899.346,936.36,215.863,983.806,206.271,3349.788,84.227,9.919,82.127,12.215,10.616,175.666,12.624,8.369,137.356,11.448,8.06,5.679,24.599,58.966,10.317,90.996,83.926,18.251,9.375,7.073,44.064,6.001,12.06,81.062,62.375,94.181,268.535,101.435,6.906,10.184,3.295,76.842,19.737,38.256,10.166,5.784,7.434,17.535,16.552,17.47,12.198,1.851,12.978,130.08,63.464,18.356,30.169,3.399,36.743,3.296,29.674,1.494,36.442,14.316,824.837,6.539,17.353,5.52,20.669
1997,20.755,21.039,11.855,37.04,5.646,3.319,4.247,31.041,695.267,187.694,1269.337,56.795,12.04,2166.904,25.721,50.456,48.273,111.744,944.355,941.674,220.091,1001.321,217.056,3436.241,89.411,8.902,85.228,12.836,11.192,193.936,12.83,7.969,136.452,11.073,7.986,6.517,25.962,62.328,10.168,91.664,81.328,18.518,9.281,7.106,48.947,6.578,11.766,86.503,62.166,94.551,265.047,111.352,7.506,10.225,3.263,79.89,20.889,40.389,10.278,5.888,7.347,18.842,17.01,18.186,13.91,1.96,13.659,129.107,65.482,17.036,32.354,3.393,37.963,3.258,30.013,0.569,37.639,13.902,836.203,7.073,19.878,6.305,21.001
1998,20.618,21.555,12.314,37.033,5.947,3.696,4.345,31.393,708.276,181.308,1286.167,57.291,12.644,2174.033,25.118,51.154,50.712,114.15,922.285,947.398,227.528,1022.707,226.132,3460.2,92.713,8.685,86.744,13.003,11.408,197.08,12.521,8.261,136.591,10.686,8.217,6.641,27.327,66.903,10.507,94.978,80.653,18.288,8.902,7.431,46.689,7.361,12.511,92.527,60.321,94.69,253.334,93.91,10.511,8.505,3.756,84.15,19.41,40.282,10.283,6.001,7.389,19.054,17.558,20.806,15.491,2.011,11.968,123.701,70.402,17.186,33.245,3.785,35.289,3.42,29.697,0.98,38.944,14.381,851.813,6.982,22.213,6.968,21.315
1999,20.12,20.058,12.089,38.024,5.727,3.284,3.993,30.005,702.65,178.27,1317.915,60.956,12.621,2208.022,23.851,54.924,51.102,118.494,958.713,937.981,235.133,1046.926,228.691,3525.937,93.811,7.623,87.191,12.602,11.46,209.33,11.087,8.198,132.396,10.646,8.11,6.027,27.812,67.894,10.665,96.448,79.377,18.643,9.306,7.141,48.758,8.343,13.285,100.303,61.689,94.391,257.415,100.703,11.745,7.013,3.085,84.087,20.708,41.268,10.198,6.051,7.541,18.02,18.198,21.762,15.886,1.97,9.476,126.212,71.4,16.819,31.521,3.431,37.302,3.697,29.285,1.774,41.205,12.798,875.648,7.017,25.832,5.965,21.616
2000,19.896,20.286,11.802,37.711,6.331,3.172,4.11,30.791,698.354,173.056,1354.502,60.541,13.435,2217.335,23.606,57.919,51.952,118.215,993.613,929.429,243.447,1059.948,227.186,3571.838,92.26,7.031,88.065,12.209,10.816,224.215,10.969,7.937,129.78,10.359,8.483,6.376,27.2,69.911,10.686,94.938,78.57,19.907,9.721,6.849,55.255,8.216,13.518,106.147,65.244,93.527,255.576,103.764,11.805,7.066,2.372,87.757,21.268,42.509,9.37,6.2,7.373,16.576,18.76,19.961,15.523,2.023,9.979,123.094,73.043,16.143,33.448,3.41,37.359,3.657,30.737,1.376,42.737,12.063,884.126,6.984,25.778,8.27,21.991
2001,19.662,19.5,12.822,38.106,3.997,3.877,4.223,31.0,708.235,170.879,1377.33,62.38,13.854,2218.227,25.477,61.516,54.622,119.71,996.494,938.352,248.782,1061.249,230.971,3595.558,92.671,7.335,90.534,13.079,10.523,228.403,10.229,8.374,131.589,9.82,8.782,6.338,26.082,73.025,10.521,95.454,78.441,20.168,11.779,6.692,54.063,8.967,12.537,106.964,65.823,92.799,247.294,103.517,12.168,7.671,2.74,86.608,21.954,44.577,10.223,6.137,6.974,16.485,18.348,19.484,15.756,2.404,10.604,120.452,74.673,16.248,36.389,3.188,36.182,3.793,29.702,1.291,44.172,13.453,884.107,6.677,28.824,8.97,22.466
2002,20.264,18.012,13.079,37.97,3.665,3.857,4.135,31.683,703.397,172.873,1419.737,63.786,14.003,2210.016,26.454,62.053,54.679,121.815,1025.029,936.149,257.401,1059.893,229.467,3629.753,91.024,7.129,92.221,12.396,10.442,247.522,10.005,8.143,127.431,9.583,9.734,6.813,25.244,73.687,10.881,92.876,78.039,20.276,12.893,6.398,56.227,8.785,12.446,111.262,69.866,92.897,243.373,105.338,13.166,8.295,2.53,82.79,23.797,44.588,9.806,6.47,6.922,15.569,17.852,19.857,16.221,3.011,10.645,122.612,76.595,16.327,35.47,3.539,38.655,3.878,30.493,1.243,44.921,13.259,884.881,6.562,30.326,9.848,23.051
2003,22.434,18.534,14.179,38.275,4.272,3.923,4.309,33.782,705.991,177.684,1460.154,64.835,14.346,2242.528,27.966,58.184,55.277,124.763,1060.704,944.911,267.942,1081.624,222.738,3702.682,88.59,6.991,95.918,12.062,10.621,271.722,10.044,8.7,125.128,9.226,10.125,7.047,25.92,76.158,11.364,93.086,79.031,19.658,13.004,6.139,57.282,8.534,12.763,113.066,74.154,92.075,248.508,106.37,15.608,8.901,2.42,84.958,23.408,44.945,10.36,6.738,6.535,15.484,15.824,20.208,15.164,3.097,9.425,125.067,81.702,16.861,33.902,3.332,41.648,4.41,30.498,1.141,46.716,13.646,900.748,7.014,24.948,10.487,23.883
2004,24.227,19.433,13.788,39.067,4.484,3.964,4.17,33.522,715.068,178.452,1570.776,68.85,14.913,2285.792,29.304,64.73,56.201,130.957,1126.404,954.639,287.163,1125.649,231.756,3856.568,91.52,7.144,100.64,12.016,11.373,318.883,10.261,9.545,123.983,9.049,10.59,7.231,26.821,78.601,10.573,94.049,81.699,21.331,15.359,6.345,60.532,8.854,11.987,120.153,76.735,89.659,241.141,104.553,17.786,9.495,2.597,88.466,24.286,47.105,10.009,6.993,7.304,15.934,15.994,21.554,15.423,3.444,10.854,124.154,88.254,16.206,38.131,3.184,45.145,4.255,30.762,1.215,48.893,14.35,936.543,6.576,27.217,12.465,24.697
2005,24.794,20.689,13.924,40.173,5.376,4.524,4.613,33.457,720.086,177.107,1600.127,71.064,14.989,2301.536,30.573,68.185,56.006,136.514,1140.23,959.257,296.724,1130.952,237.987,3901.664,93.814,7.129,100.337,12.239,11.956,327.837,10.48,9.935,122.398,9.428,11.034,7.877,29.819,79.45,10.986,93.065,83.01,21.074,13.836,7.358,59.516,9.31,12.194,119.576,80.535,86.674,244.432,104.617,19.564,9.819,2.777,90.836,23.719,50.558,10.155,7.009,7.121,14.795,15.259,22.391,15.98,3.984,10.509,123.206,87.469,16.114,42.277,3.827,46.173,4.349,30.928,1.224,49.286,13.668,939.778,4.977,28.821,12.213,24.597
2006,26.606,21.664,14.098,41.463,4.806,4.244,4.733,33.441,722.213,186.046,1653.626,70.417,15.271,2290.576,31.198,70.799,57.137,135.859,1160.911,973.253,309.375,1120.849,243.955,3944.202,95.05,8.052,100.522,12.551,12.533,351.25,10.705,9.821,123.552,9.593,11.516,8.342,28.664,79.421,10.555,92.994,82.317,22.093,15.0,7.755,57.812,9.277,11.886,120.407,86.077,86.703,237.107,104.707,17.732,10.262,2.806,89.666,24.473,51.953,10.453,7.087,6.858,13.305,17.567,23.336,14.385,4.614,10.311,130.812,91.661,16.455,45.144,3.429,45.483,4.124,32.72,1.387,48.62,14.238,930.661,5.008,30.281,11.972,25.261
2007,28.493,24.018,13.353,41.808,4.524,4.483,4.621,33.726,706.476,181.366,1727.548,73.377,16.002,2277.479,32.063,73.468,58.441,143.074,1202.843,952.16,323.081,1124.597,259.272,4005.027,100.724,7.348,103.8,11.31,16.203,369.282,10.717,9.739,112.491,9.687,12.901,8.48,30.56,80.434,10.631,91.434,79.241,21.671,16.141,7.736,59.299,9.416,12.447,133.448,88.006,83.974,228.719,107.65,17.898,11.293,2.789,92.027,27.269,53.5,10.673,7.168,7.114,14.101,19.184,24.173,14.417,5.352,10.338,123.619,97.419,16.014,49.001,3.633,45.566,4.619,33.484,1.65,50.385,15.645,928.77,4.564,31.923,13.339,26.237
2008,29.635,24.664,13.294,42.536,3.591,4.585,4.584,36.816,705.557,187.216,1778.34,78.132,15.672,2208.944,32.302,78.748,56.699,150.119,1201.597,955.503,341.589,1069.94,268.535,3987.283,107.864,8.302,102.536,12.062,16.751,376.034,10.743,9.906,118.884,9.514,14.021,8.734,32.638,78.044,10.526,90.837,77.945,21.309,14.631,7.492,58.733,9.031,12.201,144.134,90.957,80.385,220.918,103.097,17.75,11.118,3.06,91.635,27.058,51.111,10.373,7.174,7.963,12.337,19.28,25.286,13.558,6.183,10.384,129.805,106.115,15.685,52.026,3.938,44.204,5.077,31.915,1.817,45.102,14.877,875.77,4.492,33.3,14.077,25.329
2009,27.486,23.72,12.779,42.25,3.312,4.841,4.151,32.21,667.699,177.998,1811.052,80.257,15.857,2097.803,30.532,80.206,54.505,154.171,1211.165,908.481,350.29,1018.736,266.012,3908.855,107.991,9.424,97.084,12.255,15.635,388.177,10.62,9.67,113.876,8.536,14.868,8.898,34.391,73.646,9.902,87.537,74.405,20.117,16.604,7.064,60.615,8.049,11.485,153.709,91.909,75.108,198.259,103.745,17.547,9.011,2.63,88.496,26.49,49.371,10.641,6.854,8.084,13.066,20.625,25.258,12.794,6.23,9.186,124.826,115.427,14.554,56.097,3.731,45.576,4.627,31.62,1.717,44.293,13.447,833.156,4.211,34.843,14.108,24.655
2010,28.901,25.922,12.948,43.418,3.217,4.939,3.77,33.477,662.782,180.428,1913.887,83.353,15.996,2118.018,30.438,84.736,53.504,160.593,1281.732,903.13,364.272,1041.145,281.033,4031.905,118.045,7.314,102.667,11.381,14.75,437.746,11.41,9.143,115.385,8.43,14.835,10.277,36.259,72.132,10.384,84.387,73.502,18.67,17.924,6.696,65.181,7.645,11.229,156.178,89.834,73.069,200.306,106.019,19.009,9.472,2.695,88.534,26.689,49.9,10.755,7.026,8.462,12.189,20.47,26.706,12.509,7.356,8.656,128.941,123.207,15.277,60.492,3.917,45.77,4.751,30.231,1.735,46.258,12.993,849.944,4.339,36.928,15.13,26.146
2011,30.509,28.05,12.477,45.881,3.6,5.047,3.53,33.716,645.852,190.64,1967.041,82.89,16.712,2092.033,30.311,87.487,53.741,158.33,1316.102,898.16,370.992,1026.351,289.138,4059.074,120.73,8.985,103.101,11.038,15.165,461.828,11.678,9.098,111.547,8.286,15.622,10.539,33.661,69.478,10.476,82.927,71.614,17.186,18.107,6.489,64.44,6.847,11.138,162.253,87.038,71.127,201.395,105.957,19.041,10.19,2.716,89.685,26.867,50.071,11.13,6.924,9.225,11.752,20.426,26.309,11.598,7.968,9.036,136.007,127.812,14.471,62.471,3.711,46.778,4.935,31.99,1.673,42.793,12.895,833.565,4.368,38.336,16.47,26.157
