title         = ASCII CSV version of worksheet 6, "Oil: Consumption" from the 2012 British Petroleum Statistical Review
file URL      = http://mazamascience.com/Data/Energy/BP/2012/BP_2012_oil_consumption_bbl.csv
original data = http://www.bp.com/assets/bp_internet/globalbp/globalbp_uk_english/reports_and_publications/statistical_energy_review_2012/STAGING/local_assets/spreadsheets/statistical_review_of_world_energy_full_report_2012.xlsx
country codes = ISO3166-1 two-letter codes or 'BP_~~~' for non-standard BP groupings (e.g. BP_TNA = Total North America)
units         = thousand barrels daily

"YEAR","AE","AR","AT","AU","AZ","BD","BG","BP_BELU","BP_EU2","BP_FSU","BP_NONOECD","BP_OAF","BP_OAP","BP_OECD","BP_OEE","BP_OME","BP_OSCA","BP_TAF","BP_TAP","BP_TEE","BP_TME","BP_TNA","BP_TSCA","BP_WORLD","BR","BY","CA","CH","CL","CN","CO","CZ","DE","DK","DZ","EC","EG","ES","FI","FR","GB","GR","HK","HU","ID","IE","IL","IN","IR","IT","JP","KR","KW","KZ","LT","MX","MY","NL","NO","NZ","PE","PH","PK","PL","PT","QA","RO","RU","SA","SE","SG","SK","TH","TM","TR","TT","TW","UA","US","UZ","VE","VN","ZA"
1965,0.0,433.206,107.069,347.916,"na",0.0,71.221,0.0,7481.742,3313.952,7638.758,242.359,62.545,22837.7,3418.194,176.371,424.478,517.764,3225.438,11233.149,953.602,12926.663,1619.842,30476.458,306.786,"na",1108.116,164.825,68.06,216.081,83.807,78.083,1714.153,199.77,26.79,13.493,130.886,269.111,110.828,1069.845,1448.73,84.972,40.594,73.122,122.448,46.724,80.847,252.605,200.494,982.178,1705.076,24.977,103.95,"na","na",296.359,41.046,478.934,99.752,57.206,71.716,84.871,75.846,108.745,53.976,1.02,142.55,"na",390.68,369.066,71.463,44.881,47.561,"na",96.42,36.783,43.856,"na",11522.188,"na",181.512,31.347,117.729
1966,0.0,447.824,118.685,372.146,"na",0.0,81.129,318.668,8563.17,3548.819,8288.459,269.532,72.647,24863.298,3673.574,185.348,457.876,572.892,3691.43,12582.904,987.249,13576.952,1740.33,33151.757,336.255,"na",1167.469,175.424,75.541,277.426,94.518,85.892,1922.303,225.527,35.467,14.066,140.039,319.677,134.809,1150.12,1555.519,93.077,44.726,80.925,117.926,52.364,84.379,281.899,221.436,1083.62,1945.192,37.414,100.78,"na","na",309.136,48.697,523.173,112.341,63.246,92.17,92.592,77.864,113.892,57.384,1.018,148.9,"na",394.031,416.708,83.376,49.358,55.993,"na",89.837,37.037,51.778,"na",12100.347,"na",185.042,68.51,127.854
1967,0.0,460.177,126.18,405.685,"na",0.0,101.827,350.395,9293.126,3866.126,8871.406,290.888,83.758,26670.067,4015.113,194.869,481.135,578.677,4307.849,13689.619,1024.528,14143.71,1797.09,35541.473,346.638,"na",1245.557,188.766,79.965,274.04,95.202,95.499,2005.072,239.186,33.433,15.214,115.86,388.806,141.582,1320.612,1676.376,109.517,53.552,86.061,114.766,58.718,88.029,289.765,244.593,1202.833,2388.41,64.809,97.691,"na","na",331.273,48.185,534.974,116.952,66.337,92.987,104.333,86.944,124.184,63.219,1.551,169.973,"na",397.384,408.876,103.583,54.869,61.973,"na",110.03,38.774,61.371,"na",12566.88,"na",186.999,100.338,138.497
1968,0.893,468.92,144.899,446.192,"na",0.0,120.457,405.103,10183.754,4107.31,9492.101,306.373,90.631,28979.847,4279.118,204.402,480.917,612.608,4919.066,14887.316,1062.516,15088.181,1902.26,38471.948,415.317,"na",1322.157,208.399,84.774,298.822,105.464,105.561,2240.972,264.468,35.505,18.133,120.665,412.305,159.898,1423.911,1781.887,112.585,58.318,90.229,121.11,65.054,91.629,324.761,269.477,1323.173,2765.208,95.531,94.448,"na","na",361.475,48.542,574.208,129.946,67.97,92.883,118.725,98.779,154.398,67.854,1.984,180.335,"na",399.684,457.898,128.404,60.694,81.13,"na",123.965,39.457,72.864,"na",13404.549,"na",196.396,102.08,150.065
1969,1.337,491.423,159.318,478.984,"na",0.0,148.472,468.288,11421.996,4376.249,10238.961,337.55,99.892,31640.685,4565.496,215.569,518.613,632.355,5755.458,16452.512,1109.534,15915.703,2014.085,41879.646,461.11,"na",1380.19,227.289,91.442,401.661,101.792,113.458,2529.731,318.114,37.831,19.067,91.691,470.398,185.001,1647.978,1921.516,120.318,69.569,101.012,131.106,71.221,95.885,392.945,298.434,1467.583,3284.039,129.949,91.8,"na","na",382.527,50.437,626.837,143.389,70.898,91.138,127.605,92.924,170.271,76.782,2.299,200.296,"na",404.209,516.938,126.424,65.223,87.97,"na",137.584,41.631,87.341,"na",14152.985,"na",197.871,123.714,165.283
1970,2.681,447.121,176.456,500.705,"na",0.0,172.553,511.709,12634.717,4826.363,11201.936,363.129,104.006,34213.459,5043.24,226.846,547.315,702.664,6653.987,18197.764,1171.831,16593.034,2096.114,45415.395,522.6,"na",1471.58,254.663,96.49,555.743,117.194,136.729,2774.231,353.309,43.131,21.634,117.276,535.6,207.93,1866.608,2030.304,130.214,74.897,117.526,138.217,79.645,100.045,390.95,343.633,1664.452,3876.209,162.315,88.973,"na","na",411.544,56.95,701.977,161.493,82.89,95.475,144.881,91.997,181.138,90.275,1.971,217.607,"na",407.681,562.017,138.432,78.574,102.809,"na",149.514,42.767,104.729,"na",14709.91,"na",205.518,128.258,179.128
1971,2.986,478.598,197.067,528.536,"na",0.0,189.469,525.208,13241.707,5126.54,12054.862,381.783,99.294,35886.056,5374.816,250.969,562.639,748.424,7388.645,19170.122,1240.021,17168.676,2225.03,47940.918,582.028,"na",1512.128,270.549,107.969,755.241,120.836,151.18,2899.478,353.96,49.006,24.025,122.261,595.056,215.672,2029.568,2038.429,143.716,79.621,132.699,142.984,88.137,104.382,416.998,381.091,1796.142,4285.448,183.346,87.532,"na","na",433.79,62.345,698.28,160.641,85.5,95.768,168.378,87.282,191.04,106.733,1.906,221.924,"na",411.155,531.452,122.779,86.911,114.387,"na",171.996,41.859,148.004,"na",15222.758,"na",211.308,108.502,195.373
1972,3.896,478.295,212.797,529.442,"na",15.483,196.511,566.885,14149.678,5547.118,13098.046,409.836,111.962,38394.301,5806.86,269.882,599.012,815.452,7941.556,20540.23,1338.601,18450.379,2406.13,51492.348,668.206,"na",1588.909,276.656,112.208,866.907,135.903,164.674,3048.409,371.56,53.675,24.808,139.976,624.668,228.476,2245.782,2156.549,165.309,90.006,144.069,154.866,96.568,108.368,448.047,421.24,1893.358,4570.639,190.761,94.72,"na","na",480.656,70.303,780.144,168.052,91.678,82.077,164.796,71.311,213.607,114.487,2.263,235.969,"na",438.233,542.501,151.927,94.649,142.748,"na",191.69,67.287,158.962,"na",16380.814,"na",238.336,111.719,211.965
1973,6.063,481.209,231.431,580.014,"na",17.738,207.978,597.896,15185.461,5981.45,14336.285,455.887,112.549,41324.491,6267.666,279.074,640.429,880.896,9076.436,22105.691,1450.424,19515.022,2632.307,55660.776,822.517,"na",1682.379,298.388,106.605,1061.218,132.243,184.897,3261.792,347.887,58.987,27.609,131.846,747.47,255.558,2507.926,2226.194,192.922,93.921,163.105,185.058,104.829,115.772,474.34,491.239,1989.645,5264.604,235.415,89.622,"na","na",514.71,80.909,811.965,172.562,96.933,95.961,193.339,73.318,238.11,121.927,2.939,265.196,"na",465.715,564.995,143.31,106.295,151.426,"na",239.057,68.266,202.41,"na",17317.933,"na",257.467,109.935,234.176
1974,8.395,481.421,208.066,599.227,"na",19.394,216.242,529.36,14267.433,6587.913,15239.539,469.037,116.699,39615.389,6899.337,281.932,628.378,909.144,9000.999,21779.106,1512.27,18931.855,2721.553,54854.928,887.48,"na",1712.654,266.148,103.692,1220.056,145.865,188.955,2969.527,310.544,65.784,31.532,145.932,777.78,223.808,2383.707,2070.629,180.156,96.436,178.354,193.982,103.845,117.654,464.899,530.554,1933.56,5068.186,243.814,82.033,"na","na",588.552,81.771,701.601,156.959,91.127,112.624,180.528,79.062,250.002,127.249,4.017,244.407,"na",487.686,508.721,140.933,108.627,153.653,"na",241.525,67.354,183.722,"na",16630.648,"na",263.206,67.511,228.391
1975,13.486,455.185,210.78,594.097,"na",22.664,229.282,503.766,13764.545,6911.786,15827.719,470.564,113.314,38566.449,7211.294,290.903,631.586,946.71,8968.149,21609.512,1466.437,18678.913,2724.446,54394.168,918.044,"na",1682.42,257.048,91.063,1345.752,145.945,208.072,2887.113,305.256,73.036,30.918,159.64,816.315,231.939,2190.193,1818.978,191.474,91.174,202.535,221.906,101.66,121.718,477.386,605.694,1821.108,4787.587,277.669,63.474,"na","na",662.932,89.332,691.552,163.051,87.476,118.167,194.603,82.322,271.614,132.441,4.788,278.604,"na",366.374,505.471,137.981,119.58,167.9,"na",260.386,52.187,212.418,"na",16333.561,"na",281.35,64.568,243.47
1976,19.487,470.787,226.912,616.814,"na",24.389,238.032,523.618,14658.767,7055.123,16690.777,542.986,117.582,41039.608,7375.827,318.99,642.758,1061.166,9524.747,22728.355,1601.535,19979.661,2834.922,57730.386,983.748,"na",1788.929,266.358,94.354,1538.676,153.288,218.724,3110.802,326.166,84.848,34.942,187.624,922.932,247.472,2358.368,1808.915,203.748,107.115,212.471,238.097,103.07,128.848,503.437,625.007,1896.929,4975.958,310.37,74.736,"na","na",729.988,96.906,775.126,179.182,89.389,119.155,199.057,82.401,298.057,137.556,6.587,310.032,"na",427.88,564.992,161.376,125.716,175.971,"na",297.352,58.261,270.414,"na",17460.745,"na",277.628,16.797,245.709
1977,28.32,494.77,219.246,644.432,"na",24.0,248.338,516.777,14527.089,7375.718,17727.923,584.511,122.656,42138.951,7718.271,341.91,664.015,1125.196,10005.244,22964.08,1757.125,21010.19,3005.04,59866.874,1016.999,"na",1811.693,268.626,98.431,1629.783,154.364,229.689,3085.094,323.889,95.394,43.865,201.455,882.149,245.357,2281.358,1831.319,208.827,115.855,225.917,287.408,110.561,135.975,542.66,669.973,1850.086,5083.193,371.469,72.531,"na","na",755.13,108.854,747.952,177.301,90.71,118.772,217.534,87.242,320.044,138.36,8.656,332.586,"na",499.759,547.063,161.586,132.036,197.951,"na",323.236,57.167,303.572,"na",18443.367,"na",356.657,16.339,243.837
1978,30.994,495.628,236.771,646.043,"na",26.022,255.434,551.44,15232.226,7822.327,18998.831,614.561,140.899,43694.091,8197.095,374.223,692.474,1179.337,10802.709,24163.056,1902.544,21478.997,3166.278,62692.922,1126.965,"na",1849.045,277.765,104.354,1822.924,157.987,237.85,3234.437,317.859,99.585,44.865,209.166,930.533,247.02,2400.158,1895.469,228.244,120.484,249.262,326.026,119.946,145.397,589.025,727.615,1975.918,5421.098,426.238,78.449,"na","na",874.012,119.939,775.189,200.613,86.917,117.416,224.265,93.043,342.822,149.347,8.521,365.775,"na",537.347,530.362,167.2,136.723,221.278,"na",307.021,52.174,351.572,"na",18755.941,"na",374.416,19.735,256.026
1979,42.123,527.104,246.355,657.429,"na",28.624,262.834,550.659,15629.734,7967.873,19801.576,662.977,156.29,44034.354,8362.374,436.339,704.551,1253.843,11107.102,24702.568,2153.219,21319.947,3299.25,63835.93,1199.818,"na",1931.128,266.59,108.458,1831.253,167.099,241.891,3341.772,313.697,119.066,47.803,229.438,992.926,260.894,2389.709,1917.479,241.111,123.835,236.213,354.96,125.553,159.847,634.295,764.618,2035.841,5491.071,480.79,87.64,"na","na",950.609,145.125,838.802,199.981,87.806,122.386,230.976,99.646,349.127,162.145,9.222,387.133,"na",653.43,545.896,180.081,139.053,225.112,"na",294.535,40.484,356.949,"na",18438.211,"na",381.548,22.86,242.362
1980,99.647,488.342,240.382,625.063,"na",31.784,271.336,505.617,14542.732,8338.158,20294.034,774.072,214.14,41016.884,8696.899,455.622,783.593,1400.155,10512.885,23952.758,2084.403,20008.077,3352.639,61310.917,1162.537,"na",1898.032,266.091,107.238,1689.768,157.059,224.649,3019.85,268.21,120.73,61.915,256.88,1044.152,251.728,2221.297,1646.54,246.213,126.02,230.513,396.496,112.976,157.013,644.003,661.909,1929.619,4904.686,476.19,86.203,"na","na",1047.69,161.493,779.821,199.022,86.326,132.204,215.075,103.847,346.719,168.303,16.924,365.707,"na",607.086,492.631,178.203,129.136,232.508,"na",295.348,32.448,387.181,"na",17062.355,"na",427.303,40.101,248.472
1981,111.146,457.346,219.532,617.568,"na",32.349,242.99,465.809,13618.636,8442.134,20509.752,789.321,218.17,38894.906,8774.673,522.129,771.498,1486.685,10269.436,23089.578,2244.847,19020.211,3293.901,59404.658,1123.548,"na",1788.171,247.656,108.223,1611.851,161.494,222.379,2759.024,254.599,130.649,69.009,296.433,1016.962,241.746,2024.575,1537.698,231.692,133.98,221.395,441.516,101.448,160.072,697.595,591.315,1900.515,4655.727,473.849,114.317,"na","na",1172.345,169.597,726.221,186.556,82.768,135.686,202.783,110.409,325.069,175.912,18.504,327.974,"na",727.365,449.302,204.455,127.822,223.95,"na",308.029,32.346,357.981,"na",16059.695,"na",434.748,34.888,270.283
1982,124.208,439.464,209.003,605.03,"na",29.608,236.08,441.183,12956.063,8388.427,20728.518,830.529,212.718,37076.935,8731.721,541.252,729.538,1579.907,10009.508,22382.727,2423.203,18131.055,3279.053,57805.453,1160.732,"na",1608.545,234.644,105.66,1597.195,165.906,206.055,2613.986,219.642,138.234,75.172,336.513,969.806,224.599,1884.492,1559.24,236.782,130.97,210.488,456.673,89.928,155.138,728.325,641.033,1809.688,4404.266,471.499,129.702,"na","na",1227.547,182.51,640.549,180.32,82.406,134.106,195.386,122.043,307.302,189.481,27.253,325.057,"na",804.617,415.04,200.51,118.457,206.254,"na",329.183,35.626,348.587,"na",15294.963,"na",432.85,35.527,274.631
1983,126.297,448.405,204.324,582.622,"na",27.026,229.248,403.856,12660.207,8273.487,20937.3,825.336,213.544,36651.137,8639.858,542.465,701.496,1629.722,10143.321,22010.051,2640.203,17955.168,3209.971,57588.437,1145.623,"na",1518.125,256.586,101.892,1638.094,171.87,201.924,2569.364,208.629,155.778,68.872,370.564,988.77,209.51,1851.116,1516.176,226.928,117.504,199.957,448.404,81.788,147.484,766.158,771.171,1816.121,4406.013,497.427,144.712,"na","na",1202.503,195.108,610.303,176.334,80.398,117.151,203.99,134.062,318.659,188.826,30.213,291.266,"na",877.861,379.518,211.356,116.058,231.72,"na",324.932,31.454,349.397,"na",15234.54,"na",423.208,40.498,278.044
1984,144.264,424.97,198.592,604.516,"na",31.904,220.345,392.454,12754.677,8259.456,21219.767,789.332,197.417,37632.268,8598.962,595.867,720.991,1662.552,10501.298,22106.82,2831.423,18544.654,3205.287,58852.034,1176.232,"na",1539.788,248.141,100.696,1695.309,171.387,215.623,2560.657,207.787,172.469,69.14,398.928,940.152,211.905,1787.615,1823.571,232.236,109.311,207.732,477.364,80.19,138.344,823.637,830.245,1732.629,4620.916,501.346,159.99,"na","na",1279.508,190.617,611.85,185.622,82.847,120.226,167.57,144.537,325.976,189.513,33.464,278.708,"na",929.249,365.28,224.349,123.967,241.696,"na",367.313,27.541,348.518,"na",15725.359,"na",394.104,39.445,301.824
1985,176.822,388.084,200.306,583.85,160.367,34.783,201.853,400.188,12988.12,8387.969,21748.973,842.379,196.396,37469.038,953.046,632.744,654.106,1721.867,10541.739,22117.486,3021.978,18626.841,3188.099,59218.011,1232.017,491.04,1556.132,253.59,97.94,1820.296,178.595,211.744,2648.835,214.723,177.061,85.161,406.922,914.744,215.017,1770.034,1615.161,242.103,103.525,212.135,467.994,80.242,132.335,896.898,919.253,1726.219,4427.587,537.388,162.335,421.057,167.168,1344.578,191.635,622.097,195.387,80.371,116.08,150.389,155.24,332.044,177.871,43.841,295.069,4943.678,954.648,390.31,228.187,123.183,231.938,95.558,338.642,28.997,394.996,1271.605,15726.131,232.472,407.119,40.266,295.505
1986,212.568,447.775,210.452,605.804,168.141,34.711,212.827,449.968,13384.001,8428.181,22322.789,815.664,200.759,38668.396,948.103,659.821,581.035,1691.51,10972.08,22696.577,3061.321,19211.043,3358.654,60991.185,1380.934,580.654,1559.479,276.733,103.271,1934.267,177.611,205.104,2784.001,210.646,180.725,86.447,409.673,909.719,225.399,1810.533,1639.612,245.161,102.18,197.397,494.121,97.85,137.009,945.123,884.236,1766.219,4483.797,588.451,167.959,384.111,139.913,1370.67,192.573,685.553,206.081,82.98,124.455,158.055,166.935,344.267,194.065,50.368,314.301,5006.311,949.361,407.543,266.884,120.245,237.242,69.64,369.835,30.995,433.62,1277.66,16280.894,238.531,426.13,44.578,285.448
1987,232.485,475.921,216.959,617.903,158.364,34.19,204.884,454.613,13434.04,8467.042,22945.895,844.697,198.456,39323.742,934.222,662.359,612.489,1756.392,11313.395,22845.952,3181.388,19712.97,3459.541,62269.637,1420.984,574.81,1627.213,261.558,108.275,2054.726,187.037,205.393,2725.231,195.043,183.449,87.666,425.595,944.777,226.196,1824.89,1604.131,266.249,100.894,206.555,511.931,86.668,152.803,975.335,924.919,1845.407,4491.02,621.6,165.678,371.788,153.581,1421.088,197.605,691.798,209.473,90.183,137.471,182.958,181.374,349.212,185.498,53.476,346.618,5050.795,989.668,378.911,279.48,117.37,270.137,69.645,428.8,21.474,453.547,1330.158,16664.669,226.356,408.223,52.058,302.65
1988,276.108,474.642,215.597,644.752,161.858,37.56,216.956,466.331,13560.974,8333.337,23387.051,882.347,200.515,40667.133,967.081,708.284,616.58,1828.482,12240.297,22907.287,3143.748,20399.827,3534.543,64054.184,1462.102,555.747,1709.774,262.289,119.575,2202.659,196.386,197.995,2727.509,192.187,182.573,87.076,431.376,976.025,225.438,1808.034,1698.346,274.191,115.22,192.344,537.083,79.504,167.576,1070.704,805.062,1876.536,4807.047,739.139,162.021,372.834,147.32,1406.803,208.257,726.779,196.526,91.105,134.533,197.289,194.754,356.795,180.051,38.157,324.376,5000.702,986.54,365.23,321.568,115.048,304.863,69.485,459.789,19.857,513.206,1219.815,17283.25,278.569,423.791,54.576,332.186
1989,290.614,434.581,213.89,673.33,158.364,41.075,212.913,459.992,13644.193,8336.0,24157.408,927.765,199.756,41280.54,931.621,737.876,676.005,1916.011,13070.286,22938.61,3326.759,20598.595,3587.686,65437.947,1501.802,522.222,1770.719,252.928,133.693,2337.548,202.672,189.62,2576.128,187.15,192.836,91.259,450.504,1024.502,226.053,1857.622,1743.703,297.717,123.27,188.365,570.715,82.13,172.45,1165.082,943.903,1909.259,5017.176,855.832,160.674,382.037,151.614,1502.643,226.58,719.995,197.991,92.659,119.355,222.478,208.271,356.417,227.141,42.188,335.836,5111.449,979.054,363.122,366.29,115.153,358.842,69.691,436.213,16.824,560.732,1170.676,17325.233,267.098,411.495,50.648,344.906
1990,305.966,412.051,222.137,688.487,166.229,39.256,140.956,486.678,13747.141,8372.55,24965.123,944.216,212.41,41687.87,995.256,803.325,798.096,1971.852,13904.774,23181.172,3609.887,20315.939,3669.369,66652.993,1458.853,483.27,1747.306,270.972,140.784,2320.04,205.806,173.577,2688.867,183.463,213.144,92.01,465.738,976.103,225.795,1894.906,1753.835,313.846,130.473,195.463,653.224,90.397,176.868,1212.537,1016.613,1924.43,5277.548,1041.725,105.988,440.621,144.981,1580.45,269.241,748.152,202.266,105.885,119.577,233.009,217.402,325.354,225.415,43.104,363.116,5042.282,1158.023,364.119,443.883,99.601,422.249,93.349,462.085,25.362,577.451,1271.605,16988.182,212.05,416.831,59.956,348.753
1991,371.055,425.083,240.338,671.255,160.367,35.033,86.225,523.133,13864.327,8039.439,24886.016,999.001,199.121,41912.615,722.268,774.578,798.053,2017.398,14531.352,22756.016,3752.205,20032.984,3708.675,66798.631,1488.268,467.665,1659.168,275.859,145.726,2520.497,211.115,142.952,2815.23,185.126,208.416,103.389,457.897,992.759,218.373,2001.275,1752.55,316.07,130.734,166.279,692.115,98.721,182.221,1234.143,1075.373,1900.636,5368.484,1258.016,74.657,444.93,159.564,1660.373,289.573,752.47,187.601,103.866,111.071,225.815,228.972,308.391,233.97,39.033,299.988,4917.05,1235.288,345.568,451.472,87.923,462.457,103.826,461.057,24.08,601.589,1160.607,16713.443,227.244,401.89,58.209,352.084
1992,372.295,448.183,233.719,674.284,155.908,37.496,81.936,535.523,13901.721,7249.97,24893.631,1033.012,198.571,42916.927,614.592,840.853,796.733,2051.052,15452.399,22135.01,3867.768,20405.018,3899.313,67810.559,1543.302,398.427,1688.914,279.288,156.553,2736.055,230.955,137.995,2832.232,183.521,210.573,100.249,445.388,1084.725,213.437,1995.767,1771.276,321.389,166.432,168.252,745.098,103.002,192.847,1297.538,1119.973,1931.943,5495.116,1525.445,112.319,416.357,83.975,1683.321,292.975,778.477,192.205,108.195,116.236,276.829,248.476,284.686,259.401,40.403,252.344,4742.009,1189.078,365.998,463.563,80.126,504.059,116.111,487.927,33.183,618.785,857.497,17032.783,174.968,473.918,63.48,362.078
1993,387.052,445.66,236.239,715.224,150.881,42.861,95.079,525.072,13784.836,5748.31,24200.006,1063.868,209.51,43237.814,543.254,916.263,808.673,2077.41,16204.466,20595.153,3977.187,20620.729,3962.875,67437.82,1597.819,282.134,1697.296,262.708,171.117,3046.78,245.592,140.256,2886.47,193.413,209.331,104.769,427.986,1037.528,204.256,1925.528,1788.336,333.895,173.899,160.1,785.861,104.619,197.891,1314.065,1105.832,1906.193,5407.317,1683.573,103.502,321.315,72.968,1687.202,326.846,772.453,205.151,109.388,121.531,288.162,270.6,291.996,247.0,41.214,235.014,3948.018,1225.432,353.718,504.11,66.692,577.068,63.992,562.996,29.076,668.789,496.022,17236.231,181.857,438.638,80.413,376.225
1994,405.021,431.934,233.733,748.735,139.554,45.028,92.199,578.303,13852.278,4999.855,24453.554,1120.634,210.43,44503.306,474.139,950.134,865.759,2145.015,17173.727,19914.384,4272.452,21265.93,4185.352,68956.859,1697.828,228.615,1726.135,271.141,187.291,3115.092,253.685,146.891,2863.897,205.798,202.845,113.711,427.188,1076.707,214.313,1864.235,1777.583,338.074,186.314,166.942,806.987,113.839,220.425,1413.31,1157.689,1903.52,5694.37,1850.003,136.764,248.088,67.296,1821.147,382.172,777.554,208.207,118.881,131.869,304.194,289.823,309.26,249.214,43.718,219.469,3530.539,1358.701,375.86,576.007,69.614,639.899,64.971,543.676,22.647,702.908,403.203,17718.648,157.95,480.626,89.575,394.347
1995,406.052,430.435,231.915,777.65,125.518,58.798,100.441,575.855,14133.602,4462.794,25057.861,1137.469,224.278,44982.604,464.684,993.982,898.191,2217.191,18220.624,19713.953,4379.214,21176.261,4333.222,70040.465,1775.617,202.967,1761.327,251.777,205.577,3394.107,266.222,167.39,2865.064,214.047,197.175,111.554,462.906,1177.137,206.625,1879.299,1758.552,352.646,198.779,156.832,878.98,116.226,247.689,1581.342,1245.243,1974.601,5749.074,2019.749,142.037,243.447,62.308,1690.114,395.323,813.318,204.079,123.639,148.429,341.854,313.687,316.53,267.034,45.614,266.642,3104.97,1298.597,359.88,603.52,68.484,708.525,59.401,600.408,25.698,752.469,393.734,17724.82,132.139,471.5,98.852,419.642
1996,391.973,446.096,239.318,790.143,111.664,59.665,90.24,623.16,14380.588,3846.616,25294.606,1139.006,245.823,46147.673,506.365,996.387,923.846,2243.774,19011.849,19418.358,4482.987,21833.42,4451.891,71442.279,1885.564,192.252,1803.677,260.222,224.84,3722.028,274.498,175.04,2904.892,232.866,186.17,123.811,488.808,1200.928,214.208,1916.487,1798.438,365.815,194.144,145.336,923.224,121.896,247.822,1701.029,1290.324,1945.189,5775.945,2156.259,138.613,205.85,64.235,1720.385,419.321,795.574,216.975,123.152,152.87,357.779,328.032,369.919,254.541,47.936,252.571,2645.465,1369.931,382.713,573.856,71.289,773.927,68.824,624.638,29.312,753.293,292.746,18309.358,128.703,391.053,114.23,429.79
1997,400.514,449.028,244.339,819.256,106.866,68.723,87.289,638.289,14543.306,3838.429,26573.005,1182.524,249.493,46993.157,525.743,1033.543,974.403,2325.516,20056.778,19631.148,4602.791,22264.148,4685.781,73566.162,1999.41,174.733,1873.367,274.689,238.42,4119.943,280.511,168.546,2900.051,226.768,186.43,141.079,518.282,1270.378,211.328,1936.284,1753.971,372.16,192.602,148.092,1026.017,133.128,245.358,1831.563,1294.841,1957.772,5729.159,2391.606,154.612,207.926,64.581,1770.207,443.434,840.856,220.454,125.49,152.134,386.791,337.261,388.433,288.959,50.618,267.694,2656.628,1423.304,358.1,619.147,71.873,806.552,68.912,636.954,13.636,778.789,289.049,18620.574,140.302,437.16,130.952,438.28
1998,397.814,458.227,253.109,822.022,112.219,76.51,90.66,645.194,14804.669,3675.533,26973.376,1197.91,261.947,47134.447,513.04,1047.474,1025.112,2382.033,19676.63,19717.305,4781.668,22683.691,4866.497,74107.823,2066.778,170.862,1898.037,278.137,243.87,4216.451,275.184,173.656,2902.329,220.543,193.07,143.931,545.872,1363.304,219.144,2002.538,1743.127,367.008,184.721,154.668,981.188,149.311,260.562,1968.009,1262.271,1959.384,5484.018,2051.923,229.606,172.918,73.489,1868.466,415.535,839.086,221.644,127.969,153.286,389.987,348.31,439.655,315.725,51.918,235.894,2512.288,1532.023,361.221,641.018,80.238,760.102,74.507,634.633,20.995,803.443,298.321,18917.188,139.451,479.114,143.477,445.181
1999,390.182,430.011,249.296,840.007,107.426,67.73,83.102,619.458,14726.048,3646.818,27711.623,1271.979,261.925,48025.339,483.138,1123.366,1040.224,2469.689,20466.88,19588.411,4932.774,23316.555,4962.652,75736.962,2118.931,150.567,1910.69,270.502,246.127,4451.761,245.539,173.095,2810.197,219.596,186.141,130.653,560.419,1385.595,222.708,2030.202,1729.143,374.411,193.843,148.555,1024.482,168.823,277.848,2140.647,1292.209,1966.934,5587.033,2200.13,256.122,144.43,61.206,1886.963,446.322,864.199,218.898,129.226,156.925,372.723,361.315,463.122,323.87,51.338,190.463,2588.111,1541.708,351.776,610.532,73.241,801.498,80.507,625.803,35.235,850.317,269.655,19518.902,140.383,559.008,127.389,451.149
2000,388.227,430.686,242.304,830.845,119.676,65.333,86.785,633.234,14569.249,3565.466,28458.752,1263.825,278.687,48138.245,478.909,1182.046,1056.489,2463.965,21188.407,19370.166,5111.069,23581.145,4882.245,76596.997,2043.969,140.293,1922.159,260.257,232.845,4765.892,241.36,167.454,2745.895,211.852,191.172,137.1,551.936,1421.983,220.108,1994.096,1703.921,397.314,200.825,143.56,1156.007,166.593,279.422,2261.48,1365.727,1929.994,5544.303,2263.079,257.27,146.9,47.987,1957.618,460.484,879.13,201.551,132.102,153.075,346.703,371.166,426.354,317.866,60.373,197.401,2545.648,1578.004,337.42,645.394,73.373,810.742,79.523,660.929,27.873,884.76,252.948,19701.368,138.909,558.848,170.607,457.031
2001,389.529,425.268,262.649,838.982,78.747,80.086,90.163,640.003,14796.553,3540.573,29053.721,1306.514,288.995,48191.594,515.284,1257.413,1104.404,2510.078,21342.754,19592.761,5259.755,23594.9,4945.067,77245.315,2030.469,146.256,2007.553,278.264,226.801,4859.409,226.707,177.251,2786.807,201.918,198.313,137.251,537.096,1483.315,218.18,2009.877,1703.796,403.654,242.798,140.928,1137.532,181.53,260.451,2288.309,1392.391,1920.02,5391.69,2266.333,264.94,156.865,54.757,1938.727,478.997,922.282,223.273,131.849,145.852,344.939,364.712,419.363,320.829,72.776,211.472,2503.26,1622.256,341.882,706.07,67.39,797.465,83.148,632.203,26.448,938.872,283.849,19648.62,133.545,621.866,185.717,468.155
2002,421.684,393.712,268.902,839.212,72.635,79.804,87.033,649.532,14704.114,3602.654,30032.194,1335.393,292.415,48155.108,535.513,1267.835,1108.729,2560.445,21982.902,19570.712,5466.824,23676.172,4930.248,78187.302,2004.729,142.282,2051.286,264.244,225.282,5262.299,221.162,172.458,2696.603,197.051,220.773,145.576,524.374,1492.829,222.013,1953.404,1700.106,405.991,266.763,139.252,1184.094,178.63,259.62,2375.586,1479.878,1914.761,5319.224,2319.862,285.482,169.435,51.463,1863.981,519.907,932.837,215.526,138.784,145.545,329.545,355.824,429.6,331.661,84.308,220.196,2564.719,1668.019,345.904,690.216,74.614,847.532,85.404,643.06,25.454,956.828,282.283,19760.905,130.77,660.059,205.007,479.904
2003,463.001,405.022,290.842,843.831,83.945,81.34,92.867,687.555,14753.508,3730.143,30948.968,1362.683,300.143,48737.237,565.24,1194.007,1122.327,2629.412,22738.118,19775.721,5707.324,24057.472,4778.157,79686.204,1952.78,141.443,2115.27,257.035,227.815,5771.465,221.851,184.287,2648.153,189.076,229.686,151.175,540.095,1539.424,234.982,1951.501,1722.763,396.001,268.721,131.306,1210.158,174.658,266.697,2419.795,1574.777,1900.458,5409.788,2340.334,333.722,182.617,49.748,1909.162,510.842,943.298,231.625,144.482,138.624,328.528,319.214,440.939,310.743,94.783,194.433,2634.614,1780.337,351.66,660.416,70.401,911.497,96.816,641.05,23.755,997.591,295.306,20033.04,140.934,534.808,219.973,496.948
2004,494.134,424.997,282.445,855.088,88.468,81.807,89.757,679.963,14891.463,3747.774,33211.094,1439.494,311.637,49534.832,592.806,1327.685,1135.33,2747.088,24053.215,19934.585,6099.865,24944.987,4966.186,82745.926,2024.077,144.363,2230.745,255.012,242.242,6738.162,225.329,201.819,2619.021,185.378,239.013,154.565,555.955,1577.518,220.671,1963.278,1766.247,426.455,313.278,135.852,1278.024,180.512,251.373,2573.586,1633.016,1849.895,5242.547,2294.098,373.815,196.48,53.36,1982.698,529.282,983.723,220.942,149.88,152.242,336.279,324.204,469.497,315.427,106.817,223.699,2618.594,1913.025,338.658,738.961,66.788,981.058,93.297,654.702,25.153,1042.561,310.073,20731.544,129.886,582.251,262.762,512.626
2005,502.855,449.044,285.624,885.847,106.239,93.183,98.591,678.938,15029.543,3745.166,33978.678,1484.244,313.569,49946.027,621.185,1406.576,1137.351,2863.954,24428.674,20094.947,6365.411,25060.929,5110.789,83924.705,2070.475,144.556,2229.186,259.901,253.926,6943.613,230.244,210.167,2591.503,195.559,249.983,169.154,615.642,1596.761,228.948,1946.152,1806.213,423.668,284.785,157.782,1262.995,190.662,257.255,2567.076,1695.623,1797.66,5326.637,2312.06,411.301,203.518,57.141,2029.583,520.372,1049.127,223.669,150.397,151.781,313.914,310.624,487.103,323.77,121.653,217.627,2620.631,1970.149,338.839,817.343,80.074,1016.08,95.159,662.105,25.626,1052.615,295.656,20802.16,100.42,623.189,257.564,514.085
2006,537.693,470.801,289.528,918.108,96.101,87.188,101.187,671.357,15044.392,3921.137,35069.328,1471.196,320.422,49803.881,633.194,1462.234,1159.454,2855.337,24874.839,20341.839,6615.267,24952.847,5233.079,84873.208,2090.149,162.057,2246.284,266.019,264.94,7437.351,234.863,206.831,2609.169,198.287,258.3,179.654,598.115,1594.388,221.648,1942.248,1787.668,442.409,304.651,168.302,1234.449,191.022,250.903,2570.926,1806.563,1790.741,5182.228,2320.141,378.311,210.27,57.959,2019.143,536.211,1070.475,229.172,152.129,146.538,283.845,353.672,512.055,293.705,136.407,213.959,2771.577,2043.156,343.653,865.058,71.8,1012.068,89.573,696.255,29.058,1042.515,308.33,20687.419,100.902,657.622,253.876,527.725
2007,574.361,522.763,274.561,925.49,91.071,91.84,99.163,676.025,14755.372,3857.323,36689.114,1533.572,335.495,49632.373,653.538,1514.099,1188.585,3006.491,25782.896,19984.264,6895.307,25070.457,5582.072,86321.486,2235.011,149.747,2322.739,240.664,342.637,7817.006,233.85,205.085,2380.416,199.77,285.981,182.749,637.853,1615.597,222.61,1911.418,1716.453,434.673,323.813,168.403,1270.526,194.957,264.293,2834.775,1842.942,1740.34,5006.729,2398.953,383.684,233.379,58.378,2067.334,595.645,1122.563,237.475,153.944,153.456,300.82,385.299,530.573,296.399,152.959,218.233,2647.731,2162.968,341.681,940.523,76.449,1022.655,100.402,715.818,33.794,1096.181,337.897,20680.384,92.793,689.225,283.202,549.085
2008,594.135,534.274,272.706,935.91,74.327,94.275,99.132,746.846,14684.941,3982.973,37744.995,1632.371,328.417,48022.654,657.714,1617.021,1154.941,3149.616,25719.901,20001.642,7269.946,23840.631,5785.914,85767.648,2394.612,168.217,2288.445,255.528,353.346,7936.872,232.188,208.72,2502.101,195.832,308.662,188.074,680.16,1559.151,221.562,1889.152,1683.404,424.606,293.375,163.684,1262.646,187.226,259.319,3067.882,1905.962,1661.35,4808.994,2308.408,381.207,230.93,62.789,2054.216,591.515,1068.596,227.593,153.484,171.723,266.296,386.26,549.228,277.935,173.827,216.176,2778.572,2338.474,331.892,990.379,82.135,1003.571,110.226,680.5,36.988,991.858,322.37,19497.97,91.442,719.768,299.76,528.423
2009,556.209,517.851,262.81,931.039,72.564,99.727,89.067,650.305,13949.044,3826.611,38622.712,1680.672,333.033,46008.758,624.093,1654.951,1113.921,3243.107,26046.506,19122.975,7510.115,22945.393,5763.374,84631.47,2415.184,188.392,2178.609,259.829,334.684,8211.55,230.555,204.362,2408.756,178.023,326.525,190.667,719.242,1475.012,209.126,1822.304,1609.741,405.29,334.034,153.543,1316.463,166.384,246.274,3267.399,1922.543,1562.796,4381.316,2338.986,398.728,189.8,53.638,1995.386,593.017,1041.011,235.924,146.998,176.117,281.587,412.117,548.734,262.872,176.428,195.318,2709.684,2554.981,306.748,1066.671,78.568,1041.754,100.657,682.853,35.284,986.836,287.102,18771.397,87.666,749.113,303.979,516.668
2010,606.61,550.478,266.939,955.614,71.366,101.688,79.435,672.158,13860.485,3892.54,40916.801,1745.936,336.902,46522.532,622.132,1751.25,1097.569,3377.003,27562.951,19038.725,7890.478,23491.435,6078.741,87439.333,2629.222,145.904,2297.659,241.717,318.132,9250.768,246.528,193.511,2444.853,175.611,326.948,220.42,756.777,1447.175,219.102,1761.102,1587.587,373.387,361.391,146.14,1426.388,158.435,241.573,3332.033,1886.821,1531.872,4413.304,2391.543,436.388,199.316,55.076,2013.647,606.092,1058.387,234.983,150.117,186.108,264.702,409.78,576.431,258.8,220.091,181.106,2804.478,2747.745,320.814,1154.028,81.668,1052.191,103.847,653.565,35.899,1027.75,281.385,19180.129,90.443,794.386,328.661,547.342
2011,670.983,609.201,257.347,1002.774,79.599,103.87,74.428,677.498,13477.781,4110.015,42110.723,1735.251,352.73,45923.759,620.482,1809.08,1103.776,3336.476,28301.073,18924.383,8075.774,23155.871,6240.905,88034.482,2652.708,179.942,2293.193,234.5,326.896,9757.655,252.693,192.586,2362.326,172.758,344.506,226.117,709.468,1391.649,221.443,1724.211,1542.183,343.499,363.346,141.753,1430.473,142.186,239.609,3472.64,1824.354,1486.085,4417.912,2397.457,438.455,212.408,55.381,2027.209,608.327,1052.028,252.78,148.275,203.138,256.332,408.336,565.561,240.43,237.599,187.057,2960.969,2855.693,305.186,1192.283,77.723,1079.965,108.138,694.061,34.416,951.038,276.984,18835.468,91.203,831.959,357.66,547.251
