title         = ASCII CSV version of worksheet 37, "Hydroelectricity: Consumption" from the 2012 British Petroleum Statistical Review
file URL      = http://mazamascience.com/Data/Energy/BP/2012/BP_2012_hydro_consumption_mtoe.csv
original data = http://www.bp.com/assets/bp_internet/globalbp/globalbp_uk_english/reports_and_publications/statistical_energy_review_2012/STAGING/local_assets/spreadsheets/statistical_review_of_world_energy_full_report_2012.xlsx
country codes = ISO3166-1 two-letter codes or 'BP_~~~' for non-standard BP groupings (e.g. BP_TNA = Total North America)
units         = million tonnes oil equivalent

"YEAR","AE","AR","AT","AU","AZ","BD","BG","BP_BELU","BP_EU2","BP_FSU","BP_NONOECD","BP_OAF","BP_OAP","BP_OECD","BP_OEE","BP_OME","BP_OSCA","BP_TAF","BP_TAP","BP_TEE","BP_TME","BP_TNA","BP_TSCA","BP_WORLD","BR","BY","CA","CH","CL","CN","CO","CZ","DE","DK","DZ","EC","EG","ES","FI","FR","GB","GR","HK","HU","ID","IE","IL","IN","IR","IT","JP","KR","KW","KZ","LT","MX","MY","NL","NO","NZ","PE","PH","PK","PL","PT","QA","RO","RU","SA","SE","SG","SK","TH","TM","TR","TT","TW","UA","US","UZ","VE","VN","ZA"
1965,0.0,0.274,3.916,1.74,"na",0.0,0.453,0.062,50.164,19.306,48.044,2.398,2.504,161.438,21.807,0.038,0.788,2.879,34.419,89.073,0.427,73.53,9.155,209.483,5.425,"na",26.502,5.453,0.895,5.0,0.784,0.505,3.668,0.005,0.089,0.078,0.392,4.533,2.154,10.608,1.044,0.188,0.0,0.016,0.413,0.213,0.0,4.337,0.389,10.411,15.849,0.161,0.0,"na","na",2.005,0.135,0.0,11.17,2.267,0.595,0.172,0.497,0.208,0.918,0.0,0.226,"na",0.0,10.511,0.0,0.503,0.248,"na",0.501,0.0,0.831,"na",45.023,"na",0.316,0.265,0.0
1966,0.0,0.278,3.924,1.662,"na",0.0,0.455,0.068,54.194,21.77,52.437,2.523,2.521,171.729,24.514,0.059,1.115,3.018,37.318,96.471,0.477,76.69,10.192,224.166,5.934,"na",29.149,6.227,0.942,5.088,0.871,0.476,3.968,0.005,0.082,0.089,0.413,6.277,2.391,11.813,1.026,0.428,0.0,0.024,0.537,0.192,0.0,4.529,0.418,10.675,18.059,0.224,0.0,"na","na",2.3,0.16,0.0,11.018,2.445,0.639,0.18,0.497,0.211,1.221,0.0,0.234,"na",0.0,10.303,0.0,0.482,0.288,"na",0.538,0.0,0.863,"na",45.241,"na",0.324,0.265,0.0
1967,0.0,0.284,4.005,1.721,"na",0.0,0.458,0.054,52.368,20.998,53.061,2.851,2.531,176.477,23.949,0.067,1.165,3.388,35.148,95.661,0.517,84.042,10.781,229.538,6.207,"na",30.123,6.754,0.963,4.386,0.971,0.429,3.768,0.005,0.092,0.099,0.445,5.218,2.678,10.268,1.105,0.411,0.0,0.018,0.603,0.182,0.0,5.068,0.45,10.353,15.614,0.216,0.0,"na","na",2.505,0.167,0.0,12.066,2.539,0.716,0.243,0.589,0.224,1.266,0.0,0.334,"na",0.0,11.158,0.0,0.413,0.394,"na",0.546,0.0,0.813,"na",51.414,"na",0.376,0.265,0.0
1968,0.0,0.335,4.108,1.799,"na",0.0,0.295,0.055,53.096,24.666,60.602,3.339,2.581,180.443,27.923,0.078,1.206,4.144,37.541,102.035,0.562,85.333,11.43,241.045,6.496,"na",30.846,6.679,0.808,5.175,1.082,0.332,3.824,0.005,0.126,0.103,0.679,5.616,2.391,11.409,0.842,0.34,0.0,0.021,0.745,0.174,0.0,5.849,0.484,10.45,15.659,0.211,0.0,"na","na",2.861,0.185,0.0,13.628,2.664,0.768,0.159,0.708,0.239,1.201,0.0,0.353,"na",0.0,11.039,0.0,0.379,0.357,"na",0.732,0.0,1.184,"na",51.626,"na",0.632,0.265,0.0
1969,0.0,0.3,3.757,1.965,"na",0.0,0.416,0.052,52.094,26.824,65.846,3.882,2.614,189.604,30.823,0.087,1.304,4.867,39.995,103.078,0.608,94.539,12.364,255.451,6.952,"na",33.54,6.391,0.911,5.263,1.203,0.271,3.103,0.005,0.082,0.115,0.903,7.047,1.993,11.979,0.737,0.511,0.0,0.021,0.779,0.132,0.0,6.494,0.521,10.12,17.328,0.324,0.0,"na","na",3.066,0.233,0.0,12.987,2.633,0.837,0.181,0.747,0.205,1.457,0.0,0.503,"na",0.0,9.471,0.0,0.295,0.267,"na",0.802,0.0,0.902,"na",57.933,"na",0.742,0.265,0.0
1970,0.0,0.343,4.742,2.301,"na",0.0,0.487,0.056,55.089,28.991,72.474,4.244,2.667,194.145,33.303,0.102,1.45,5.437,40.822,108.763,0.663,95.9,15.035,266.619,9.008,"na",35.146,6.601,0.974,5.439,1.339,0.387,3.967,0.005,0.132,0.126,1.061,6.397,2.154,12.826,1.026,0.661,0.0,0.021,0.947,0.182,0.0,6.887,0.561,9.927,16.611,0.276,0.0,"na","na",3.395,0.295,0.0,13.091,2.867,0.866,0.349,0.661,0.426,1.333,0.0,0.626,"na",0.0,9.4,0.0,0.445,0.453,"na",0.7,0.0,0.805,"na",57.359,"na",0.929,0.265,0.0
1971,0.0,0.345,3.721,2.604,"na",0.04,0.492,0.03,54.525,29.353,76.943,4.555,2.721,201.066,33.966,0.117,1.767,5.792,44.364,110.094,0.72,100.407,16.631,278.009,9.776,"na",35.532,6.572,0.995,6.579,1.421,0.266,3.045,0.005,0.074,0.138,1.142,7.328,2.417,11.055,0.763,0.666,0.0,0.021,0.312,0.105,0.0,7.554,0.603,9.614,17.968,0.3,0.0,"na","na",3.271,0.297,0.0,14.468,3.257,0.968,0.386,0.863,0.434,1.415,0.0,1.018,"na",0.0,11.774,0.0,0.342,0.519,"na",0.576,0.0,0.7,"na",61.604,"na",1.221,0.265,0.021
1972,0.0,0.336,3.859,2.614,"na",0.04,0.474,0.041,57.107,28.63,81.311,5.255,2.801,209.592,33.986,0.117,1.656,6.723,46.37,112.748,0.909,105.324,18.83,290.903,11.471,"na",38.768,5.484,1.182,7.456,1.574,0.284,2.988,0.005,0.113,0.243,1.168,7.872,2.239,11.049,0.763,0.671,0.0,0.024,0.279,0.155,0.0,7.332,0.792,10.331,18.995,0.311,0.0,"na","na",3.489,0.281,0.0,15.418,3.454,1.005,0.324,0.908,0.437,1.718,0.0,1.661,"na",0.0,12.168,0.0,0.353,0.486,"na",0.768,0.0,0.824,"na",63.067,"na",1.363,0.265,0.187
1973,0.0,0.67,4.26,2.78,"na",0.075,0.582,0.039,56.011,28.54,84.919,5.416,2.817,208.839,33.74,0.104,1.832,6.796,44.935,113.014,0.775,107.1,21.139,293.758,13.103,"na",40.465,6.016,1.203,8.333,1.713,0.245,3.446,0.005,0.171,0.131,1.166,6.454,2.282,10.792,0.868,0.557,0.0,0.021,0.352,0.145,0.0,7.808,0.671,8.498,15.833,0.289,0.0,"na","na",3.682,0.296,0.0,16.666,3.416,1.079,0.418,0.958,0.418,1.825,0.0,1.708,"na",0.0,13.555,0.0,0.3,0.527,"na",0.592,0.0,0.768,"na",62.953,"na",1.408,0.265,0.043
1974,0.0,1.125,4.951,3.139,"na",0.055,0.471,0.054,59.886,30.798,93.884,6.083,2.926,227.35,36.863,0.245,1.839,7.834,48.964,121.138,0.984,118.116,24.198,321.234,14.863,"na",44.788,6.302,1.368,9.43,1.945,0.392,3.991,0.005,0.113,0.131,1.384,6.997,2.743,12.724,0.921,0.505,0.0,0.018,0.39,0.179,0.0,7.513,0.739,8.193,17.878,0.432,0.0,"na","na",3.797,0.293,0.0,17.345,3.437,1.182,0.503,0.963,0.555,1.761,0.0,1.918,"na",0.0,12.966,0.0,0.524,0.674,"na",0.761,0.0,1.066,"na",69.531,"na",1.745,0.265,0.254
1975,0.0,1.162,5.312,3.369,"na",0.099,0.555,0.041,59.521,29.353,97.143,6.228,2.987,228.396,35.331,0.379,1.845,8.09,52.146,120.988,1.155,116.855,26.305,325.539,16.361,"na",44.132,7.294,1.389,9.868,2.153,0.411,3.86,0.005,0.074,0.137,1.537,5.896,2.75,13.601,0.868,0.504,0.0,0.037,0.409,0.118,0.0,8.976,0.776,8.113,18.255,0.382,0.0,"na","na",3.434,0.293,0.0,17.521,3.771,1.237,0.503,1.108,0.537,1.418,0.0,1.971,"na",0.0,13.053,0.0,0.453,0.672,"na",1.337,0.0,1.189,"na",69.289,"na",2.021,0.265,0.251
1976,0.0,1.118,4.53,3.203,"na",0.112,0.668,0.025,53.927,31.611,104.288,6.566,3.076,221.809,37.975,0.519,1.976,8.888,52.848,118.202,1.387,115.379,29.393,326.097,18.766,"na",45.896,5.849,1.411,10.0,2.271,0.326,3.133,0.005,0.087,0.143,1.811,4.697,2.134,10.989,1.026,0.47,0.0,0.037,0.24,0.134,0.0,9.39,0.868,9.406,18.898,0.405,0.0,"na","na",3.903,0.268,0.0,18.566,3.507,1.313,0.596,1.203,0.474,1.154,0.0,1.834,"na",0.0,12.416,0.0,0.458,0.718,"na",1.895,0.0,0.968,"na",65.58,"na",2.395,0.265,0.424
1977,0.0,1.291,5.548,3.065,"na",0.099,0.797,0.051,71.393,34.23,113.842,6.92,3.179,220.602,41.297,0.701,2.26,9.466,51.326,138.845,1.598,100.381,32.829,334.445,21.155,"na",44.93,7.895,1.471,10.439,2.321,0.445,3.978,0.005,0.061,0.215,2.045,8.968,2.742,17.27,0.895,0.482,0.0,0.034,0.399,0.168,0.0,10.245,0.897,12.36,16.342,0.316,0.0,"na","na",4.345,0.224,0.0,16.339,3.331,1.363,0.436,1.429,0.542,2.318,0.0,2.113,"na",0.0,12.113,0.0,0.545,0.647,"na",1.939,0.0,0.911,"na",51.106,"na",2.753,0.265,0.44
1978,0.0,1.734,5.546,3.321,"na",0.114,0.658,0.05,68.707,37.12,123.663,7.072,3.306,236.127,44.486,0.832,2.432,9.808,53.381,140.729,2.237,117.559,36.077,359.79,23.253,"na",49.102,7.141,1.545,9.781,2.697,0.413,4.155,0.005,0.058,0.245,2.247,9.138,2.205,15.468,0.921,0.749,0.0,0.032,0.285,0.158,0.0,12.711,1.405,10.303,15.448,0.408,0.0,"na","na",3.668,0.241,0.0,18.3,3.543,1.403,0.634,1.774,0.539,2.36,0.0,2.403,"na",0.0,13.074,0.0,0.511,0.425,"na",2.113,0.0,1.124,"na",64.789,"na",2.768,0.265,0.431
1979,0.0,2.384,6.246,3.224,"na",0.133,0.75,0.053,71.479,40.642,133.96,7.513,3.373,242.809,48.467,0.984,2.575,10.015,57.72,149.108,2.202,116.887,40.838,376.77,26.384,"na",48.111,6.717,1.571,10.987,2.963,0.518,4.16,0.005,0.066,0.221,2.174,10.535,2.461,15.029,0.974,0.894,0.0,0.032,0.317,0.187,0.0,12.257,1.218,9.746,17.901,0.526,0.0,"na","na",4.076,0.295,0.0,20.137,4.173,1.516,0.628,1.918,0.555,2.467,0.0,2.566,"na",0.0,13.855,0.0,0.426,0.693,"na",2.329,0.0,1.034,"na",64.7,"na",3.224,0.262,0.262
1980,0.0,3.388,6.501,3.047,"na",0.132,0.839,0.063,67.963,41.545,142.9,8.077,3.497,241.611,49.749,0.966,2.82,10.58,61.458,146.83,2.229,117.988,45.426,384.511,29.174,"na",50.349,7.568,1.661,13.174,3.234,0.542,4.315,0.005,0.058,0.262,2.218,6.687,2.313,15.732,0.895,0.854,0.0,0.026,0.287,0.189,0.0,12.545,1.263,9.224,19.54,0.45,0.0,"na","na",3.829,0.376,0.0,19.003,4.382,1.587,0.778,2.011,0.742,2.211,0.0,2.861,"na",0.0,13.408,0.0,0.534,0.304,"na",2.568,0.0,0.663,"na",63.81,"na",3.3,0.272,0.227
1981,0.0,3.281,6.84,3.138,"na",0.141,0.818,0.086,68.241,42.223,147.793,8.308,3.614,243.966,49.815,0.991,2.853,11.075,65.439,149.942,2.37,116.801,46.131,391.759,29.595,"na",50.925,7.948,1.718,14.824,3.218,0.466,4.506,0.005,0.082,0.239,2.311,4.965,3.089,16.336,1.0,0.757,0.0,0.037,0.286,0.195,0.0,13.369,1.379,9.419,19.652,0.613,0.0,"na","na",5.571,0.416,0.0,21.108,4.453,1.811,0.835,2.1,0.682,2.013,0.0,2.882,"na",0.0,13.626,0.0,0.495,0.632,"na",2.855,0.0,1.084,"na",60.305,"na",3.416,0.282,0.374
1982,0.0,3.959,6.858,2.89,"na",0.118,0.689,0.075,66.985,39.513,148.536,8.414,3.724,258.992,46.436,0.947,2.977,11.126,63.377,145.766,2.394,134.936,49.93,407.528,31.939,"na",58.358,8.139,1.913,16.838,3.395,0.379,4.466,0.005,0.108,0.268,2.374,5.959,2.963,15.969,1.026,0.793,0.0,0.037,0.312,0.182,0.0,11.282,1.447,9.058,17.81,0.453,0.0,"na","na",5.182,0.4,0.0,21.021,4.142,1.9,0.864,2.363,0.589,2.177,0.0,2.682,"na",0.0,12.584,0.0,0.471,0.801,"na",3.205,0.0,1.082,"na",71.396,"na",3.579,0.297,0.23
1983,0.0,4.12,6.797,2.743,"na",0.15,0.758,0.076,67.847,40.642,155.051,7.789,3.685,271.234,47.209,0.992,4.046,10.198,68.282,149.535,2.408,141.534,54.328,426.285,34.282,"na",60.205,7.934,2.021,19.554,3.416,0.374,4.234,0.005,0.053,0.519,2.221,6.121,3.074,15.713,1.026,0.529,0.0,0.034,0.469,0.176,0.0,10.871,1.416,9.069,19.655,0.616,0.0,"na","na",4.695,0.466,0.0,24.0,4.469,1.837,0.67,2.737,0.753,1.813,0.0,2.271,"na",0.0,14.5,0.0,0.503,0.761,"na",2.566,0.0,1.129,"na",76.634,"na",4.087,0.307,0.135
1984,0.0,4.446,6.528,2.97,"na",0.203,0.737,0.079,69.552,45.835,169.598,7.801,3.913,271.064,53.337,1.102,4.269,10.21,67.263,156.737,2.426,144.238,59.787,440.662,37.703,"na",64.771,6.764,2.113,19.644,3.782,0.295,4.181,0.005,0.103,0.953,2.179,7.125,2.997,14.864,1.026,0.647,0.0,0.042,0.512,0.155,0.0,12.147,1.324,9.277,15.596,0.542,0.0,"na","na",5.342,0.921,0.0,24.066,4.611,1.939,1.18,2.837,0.758,2.307,0.0,2.563,"na",0.0,15.497,0.0,0.447,0.924,"na",3.039,0.0,0.947,"na",74.125,"na",4.582,0.317,0.127
1985,0.0,4.674,6.999,3.154,0.297,0.167,0.505,0.065,70.52,48.653,178.455,8.694,4.289,269.823,14.197,1.022,4.803,10.944,72.353,158.714,2.288,139.658,64.321,448.279,40.368,0.005,68.737,7.252,2.345,20.905,4.142,0.379,3.937,0.008,0.147,0.747,1.961,7.081,2.792,14.102,0.895,0.634,0.0,0.034,0.626,0.189,0.0,11.724,1.266,9.299,18.671,0.829,0.0,1.179,0.089,5.939,0.853,0.0,23.297,4.459,2.124,1.261,2.947,0.882,2.439,0.0,2.692,36.142,0.0,16.203,0.0,0.605,0.837,0.137,2.726,0.0,1.296,2.424,64.982,1.229,5.118,0.334,0.141
1986,0.0,4.758,7.037,3.174,0.182,0.102,0.526,0.078,67.156,48.683,186.897,9.222,4.583,267.172,14.59,0.889,7.32,11.748,73.17,155.024,2.494,142.046,69.588,454.069,41.284,0.005,70.316,7.448,2.558,21.394,4.834,0.424,4.202,0.008,0.058,0.908,2.1,5.996,2.805,14.274,1.079,0.758,0.0,0.034,1.008,0.208,0.0,11.895,1.605,9.302,17.107,0.911,0.0,1.082,0.087,4.532,0.921,0.0,21.911,5.0,2.237,1.358,2.818,0.861,1.934,0.0,2.447,37.184,0.0,13.918,0.0,0.479,1.258,0.024,2.687,0.0,1.323,2.411,67.198,1.045,5.689,0.318,0.367
1987,0.0,4.953,8.15,3.08,0.182,0.117,0.574,0.097,73.645,49.856,193.095,8.967,4.734,268.807,15.286,1.055,8.789,11.407,74.48,165.757,2.91,133.525,73.823,461.902,42.005,0.005,71.582,7.847,2.739,22.633,4.858,0.558,4.603,0.008,0.113,1.089,1.961,6.197,3.121,16.083,0.947,0.671,0.0,0.039,1.037,0.155,0.0,11.079,1.855,8.94,17.2,1.211,0.0,1.297,0.082,4.15,1.111,0.0,23.482,4.962,2.411,1.187,3.705,0.918,2.079,0.0,2.537,36.776,0.0,16.471,0.0,0.553,0.921,0.182,4.213,0.0,1.189,2.171,57.793,1.532,6.979,0.313,0.366
1988,0.0,3.576,8.098,3.244,0.158,0.153,0.587,0.081,77.447,52.255,204.21,9.281,5.278,269.935,17.143,1.05,8.992,12.027,80.333,176.038,2.758,126.03,76.958,474.145,45.058,0.005,69.605,8.1,2.595,24.702,5.545,0.476,4.543,0.008,0.042,1.092,1.989,7.977,3.024,17.446,1.105,0.587,0.0,0.039,1.139,0.197,0.0,12.358,1.708,9.205,18.616,0.808,0.0,1.582,0.087,4.747,1.268,0.0,24.792,5.196,2.361,1.418,3.884,0.95,2.784,0.0,3.082,36.413,0.0,15.947,0.0,0.521,0.855,0.226,6.553,0.0,1.009,2.7,51.678,1.621,7.739,0.405,0.715
1989,0.0,3.016,7.984,3.225,0.158,0.208,0.608,0.069,63.403,50.296,209.619,9.893,5.415,263.207,15.803,0.833,9.85,12.763,87.913,157.55,2.525,133.428,78.646,472.826,46.324,0.005,65.744,6.738,2.174,26.793,5.963,0.371,4.128,0.005,0.061,1.121,2.184,4.379,2.95,10.556,1.079,0.487,0.0,0.037,1.421,0.158,0.0,14.339,1.692,7.709,20.584,1.032,0.0,1.65,0.087,5.521,1.197,0.008,26.863,5.105,2.353,1.468,3.947,0.85,1.376,0.0,2.858,36.142,0.0,16.276,0.0,0.595,1.261,0.024,4.061,0.0,1.05,2.292,62.163,1.245,7.845,0.868,0.624
1990,0.0,4.111,7.127,3.34,0.158,0.2,0.426,0.06,64.837,53.432,217.582,10.358,5.732,272.236,15.778,0.794,11.307,12.846,90.568,162.706,2.241,139.198,82.258,489.818,46.782,0.005,66.931,6.742,2.029,28.679,6.224,0.345,3.928,0.005,0.031,1.134,2.229,5.752,2.458,12.181,1.158,0.453,0.0,0.039,1.284,0.158,0.0,15.024,1.447,7.158,19.764,1.439,0.0,1.666,0.095,5.329,0.9,0.026,27.471,5.246,2.303,1.371,3.866,0.75,2.105,0.0,2.484,37.753,0.0,16.529,0.0,0.568,1.126,0.158,5.239,0.0,1.377,2.426,66.938,1.505,8.368,1.218,0.229
1991,0.0,3.718,7.113,3.542,0.397,0.19,0.553,0.052,67.587,53.126,224.566,10.975,5.604,275.969,15.816,0.765,11.598,13.744,92.693,163.595,2.315,140.573,87.614,500.535,49.287,0.005,69.554,7.261,2.958,28.214,6.274,0.284,3.317,0.005,0.066,1.158,2.255,6.192,2.987,13.041,1.026,0.718,0.0,0.045,1.282,0.168,0.0,16.726,1.55,9.559,21.562,0.788,0.0,1.629,0.076,4.966,1.005,0.018,25.026,5.18,2.542,1.163,4.137,0.771,2.076,0.0,3.224,38.042,0.0,14.408,0.0,0.426,1.037,0.158,5.134,0.0,0.832,2.7,66.053,1.366,10.079,1.432,0.448
1992,0.0,4.527,7.883,3.608,0.395,0.18,0.466,0.077,71.006,52.921,226.584,10.914,5.376,274.551,15.604,0.934,11.333,13.471,90.844,169.424,2.934,135.14,89.322,501.135,50.545,0.005,71.341,7.4,3.797,29.571,5.068,0.371,3.92,0.005,0.045,1.163,2.342,4.199,3.418,15.611,1.211,0.539,0.0,0.037,1.939,0.184,0.0,15.853,2.0,9.552,18.403,0.7,0.0,1.553,0.071,5.953,0.987,0.026,26.492,4.773,2.192,0.963,4.513,0.808,1.147,0.0,2.647,39.061,0.0,16.942,0.0,0.534,0.958,0.001,6.013,0.0,1.415,1.832,57.846,1.421,10.697,1.605,0.17
1993,0.0,5.396,8.308,3.708,0.542,0.138,0.439,0.057,72.626,55.432,240.138,10.324,5.418,290.821,15.624,0.89,12.69,12.866,99.917,175.875,3.09,143.031,96.179,530.959,53.2,0.005,72.934,8.097,3.855,34.359,6.332,0.361,4.001,0.005,0.08,1.318,2.429,5.507,3.05,14.697,0.974,0.576,0.0,0.037,1.774,0.174,0.0,16.005,2.2,9.374,21.53,0.958,0.0,1.726,0.089,5.987,1.116,0.021,27.071,5.316,2.642,1.129,4.963,0.8,1.976,0.0,2.889,39.645,0.0,17.061,0.0,0.882,0.837,0.001,7.684,0.0,0.887,2.537,64.11,1.666,10.745,1.779,0.033
1994,0.0,6.399,8.082,3.655,0.413,0.192,0.332,0.078,74.481,55.955,253.829,10.43,5.599,280.268,16.39,0.848,13.408,13.245,100.664,177.317,2.648,138.252,101.97,534.097,54.929,0.005,74.211,8.839,3.916,37.885,7.308,0.403,4.189,0.008,0.038,1.505,2.534,6.294,2.666,17.837,1.158,0.653,0.0,0.037,1.558,0.208,0.0,18.15,1.8,10.108,15.469,0.53,0.0,2.076,0.163,4.587,1.476,0.024,25.532,5.846,2.9,1.305,4.871,0.853,2.421,0.0,2.953,39.787,0.0,13.437,0.0,1.042,1.021,0.001,6.921,0.0,1.093,2.789,59.455,1.618,11.605,2.014,0.243
1995,0.0,6.474,8.389,3.574,0.353,0.084,0.524,0.076,73.975,54.581,263.767,11.081,5.95,298.904,16.168,0.868,14.318,13.845,109.207,178.448,2.755,152.888,105.529,562.671,57.463,0.005,75.615,7.959,4.168,43.131,7.287,0.516,4.471,0.008,0.044,1.245,2.6,5.204,2.924,16.504,1.053,0.863,0.0,0.037,1.7,0.161,0.003,17.179,1.884,8.551,17.811,0.624,0.0,1.884,0.184,6.229,1.408,0.021,27.721,6.23,2.929,1.411,5.147,0.871,1.913,0.0,3.779,40.058,0.0,15.326,0.0,1.182,1.518,0.001,8.045,0.0,1.045,2.297,71.044,1.4,11.645,2.394,0.12
1996,0.0,5.887,7.749,3.689,0.347,0.167,0.661,0.054,73.184,48.908,264.091,11.189,5.411,306.887,17.919,0.895,16.381,14.182,107.194,169.288,2.674,166.724,110.915,570.977,60.147,0.004,80.26,6.428,3.813,42.54,8.042,0.545,3.844,0.005,0.031,1.442,2.663,9.199,2.676,14.959,0.768,1.018,0.0,0.047,1.842,0.163,0.003,15.626,1.776,9.514,17.66,0.548,0.0,1.658,0.197,7.116,1.174,0.021,23.518,5.925,3.016,1.6,5.611,0.884,3.363,0.0,3.566,34.853,0.0,11.663,0.0,1.026,1.661,0.001,9.161,0.0,1.024,2.0,79.348,1.476,12.187,2.717,0.298
1997,0.0,7.511,8.173,3.688,0.387,0.163,0.622,0.069,76.108,49.272,268.298,11.616,4.985,312.529,16.429,0.888,17.262,14.85,106.785,173.87,2.233,166.376,116.714,580.828,63.137,0.005,78.923,7.704,4.261,44.354,7.105,0.471,3.927,0.005,0.017,1.487,2.739,8.173,2.711,14.434,0.943,0.926,0.0,0.05,1.166,0.153,0.0,15.887,1.345,9.443,18.813,0.638,0.0,1.471,0.174,5.982,0.876,0.021,25.103,5.263,2.989,1.374,4.174,0.863,2.982,0.0,3.963,35.645,0.0,15.629,0.0,0.987,1.629,0.001,8.826,0.0,1.132,2.271,81.471,1.308,12.961,2.642,0.478
1998,0.0,7.372,8.412,3.578,0.442,0.196,0.7,0.088,78.844,51.081,282.53,12.138,5.022,306.932,16.884,0.927,17.528,15.665,117.699,180.038,2.622,154.366,119.073,589.462,65.964,0.006,74.893,7.575,3.589,47.074,6.903,0.426,3.896,0.005,0.049,1.482,3.113,8.416,3.337,14.054,1.158,0.874,0.0,0.034,2.184,0.208,0.0,18.924,1.695,9.328,21.303,0.97,0.0,1.389,0.203,5.571,1.098,0.021,26.311,5.729,3.126,1.147,5.455,0.979,2.955,0.0,4.274,35.916,0.0,16.661,0.0,1.034,1.171,0.001,9.55,0.0,1.339,3.597,73.902,1.303,13.109,2.51,0.365
1999,0.0,6.066,9.166,3.569,0.342,0.188,0.623,0.077,79.276,51.564,284.867,13.639,5.176,309.739,18.267,0.858,17.709,17.24,114.211,183.236,2.021,158.526,119.373,594.607,66.311,0.004,78.09,9.054,3.073,46.125,7.582,0.5,4.429,0.008,0.046,1.626,3.389,6.376,2.882,16.561,1.207,1.093,0.0,0.042,2.121,0.192,0.0,18.611,1.163,10.267,18.906,0.942,0.0,1.388,0.195,7.402,1.702,0.021,27.574,5.186,3.291,1.774,4.866,0.968,1.727,0.0,4.139,36.413,0.0,16.222,0.0,1.082,0.8,0.001,7.847,0.0,1.09,3.282,73.033,1.286,13.715,3.153,0.166
2000,0.0,7.716,9.469,3.569,0.347,0.214,0.542,0.104,81.826,52.098,291.512,13.384,5.418,310.148,17.432,0.978,18.349,16.912,117.239,188.619,1.834,151.22,125.836,601.66,68.891,0.005,80.751,8.336,4.318,50.336,6.948,0.523,4.919,0.007,0.012,1.721,3.209,7.747,3.304,15.344,1.151,0.93,0.0,0.04,2.267,0.192,0.0,17.421,0.856,10.004,18.499,0.908,0.0,1.704,0.146,7.484,1.678,0.032,32.187,5.529,3.661,1.765,3.973,0.931,2.651,0.0,3.344,37.411,0.0,17.782,0.0,1.126,1.364,0.001,6.988,0.0,0.986,2.591,62.985,1.33,14.232,3.312,0.307
2001,0.0,9.487,9.468,3.566,0.294,0.225,0.248,0.1,85.704,54.229,298.746,14.015,5.52,288.491,16.983,0.997,16.891,17.764,128.937,189.236,1.933,131.063,118.305,587.237,60.625,0.007,75.04,9.351,4.907,62.787,7.129,0.558,5.269,0.006,0.016,1.6,3.262,9.294,3.075,17.036,0.918,0.617,0.0,0.042,2.638,0.134,0.0,16.297,0.936,10.594,18.59,0.527,0.0,1.829,0.159,6.434,1.456,0.026,27.38,4.906,3.987,1.597,4.139,0.955,3.253,0.0,3.377,39.809,0.0,17.89,0.0,1.158,1.426,0.001,5.434,0.0,1.101,2.761,49.589,1.211,13.679,4.163,0.471
2002,0.0,9.392,9.037,3.588,0.457,0.241,0.486,0.081,72.414,52.016,305.292,15.168,5.513,293.31,16.77,1.074,17.81,18.887,131.385,176.262,2.887,145.098,124.083,598.602,64.747,0.006,79.057,7.959,5.248,65.173,7.627,0.644,5.354,0.007,0.013,1.703,3.167,5.231,2.428,13.891,1.083,0.784,0.0,0.044,2.25,0.205,0.0,15.51,1.813,8.944,18.927,0.732,0.0,2.012,0.177,5.626,1.2,0.027,29.359,5.628,4.083,1.592,4.62,0.883,1.869,0.0,3.631,37.142,0.0,15.015,0.0,1.241,1.691,0.001,7.629,0.0,0.602,2.215,60.415,1.648,13.474,4.118,0.539
2003,0.0,8.849,8.137,3.668,0.559,0.255,0.656,0.056,70.701,51.339,310.637,15.42,6.049,287.801,17.721,1.05,18.152,18.604,134.984,169.051,3.22,143.593,128.986,598.438,69.153,0.006,76.085,7.868,5.162,64.201,8.147,0.406,4.283,0.005,0.06,1.625,2.946,9.294,2.127,13.517,0.73,1.207,0.0,0.039,2.055,0.134,0.0,15.68,2.17,8.3,21.141,1.106,0.0,1.952,0.223,4.47,1.3,0.016,24.012,5.345,4.199,1.781,5.799,0.745,3.633,0.0,3.001,35.667,0.0,12.112,0.0,0.831,1.652,0.001,7.994,0.0,0.655,2.093,63.038,1.725,13.699,4.296,0.178
2004,0.0,8.03,7.721,3.565,0.624,0.277,0.7,0.072,73.368,56.343,343.129,16.626,6.097,292.673,18.882,1.338,17.776,19.709,154.305,180.281,4.039,143.62,133.848,635.802,72.588,0.003,76.596,7.638,4.933,79.998,9.019,0.58,4.686,0.006,0.057,1.677,2.861,7.198,3.368,13.545,1.096,1.183,0.0,0.046,2.189,0.142,0.0,18.971,2.7,9.58,21.051,0.975,0.0,1.823,0.213,5.674,1.319,0.021,24.727,6.093,3.965,1.932,5.477,0.835,2.296,0.0,3.736,40.195,0.0,13.719,0.0,0.952,1.367,0.001,10.428,0.0,0.693,2.693,61.35,1.571,15.859,4.3,0.165
2005,0.0,8.963,7.68,3.55,0.681,0.293,0.966,0.065,69.532,55.919,367.08,17.233,6.538,295.178,19.086,2.387,18.342,20.378,164.579,180.141,5.341,150.125,141.694,662.258,76.358,0.008,82.093,7.067,5.975,89.835,8.955,0.685,4.563,0.005,0.126,1.557,2.861,4.044,3.106,11.78,1.114,1.276,0.0,0.046,2.434,0.142,0.0,22.044,2.954,8.162,17.868,0.806,0.0,1.778,0.186,6.248,1.174,0.02,30.903,5.278,4.069,1.898,6.946,0.855,1.158,0.0,4.572,39.494,0.0,16.485,0.0,1.073,1.312,0.001,8.952,0.0,0.861,2.806,61.785,1.386,17.475,3.741,0.159
2006,0.0,9.825,7.206,3.589,0.57,0.314,0.906,0.081,69.613,55.637,387.784,17.28,7.39,299.435,18.342,2.452,18.489,20.514,181.89,176.954,6.64,153.211,148.008,687.219,78.926,0.008,80.244,7.006,6.579,98.608,9.678,0.737,4.396,0.005,0.049,1.613,2.925,5.789,2.592,12.724,1.039,1.474,0.0,0.042,2.177,0.163,0.0,25.436,4.188,8.371,20.395,0.785,0.0,1.758,0.182,6.857,1.6,0.024,27.109,5.334,4.434,2.249,6.832,0.683,2.595,0.0,4.154,39.647,0.0,13.968,0.0,1.033,1.838,0.001,10.011,0.0,0.882,2.906,66.11,1.433,18.464,4.46,0.261
2007,0.0,8.523,7.651,3.264,0.535,0.315,0.641,0.088,70.028,56.473,408.407,17.547,8.008,291.967,17.35,2.241,19.317,21.666,193.823,179.316,6.304,146.298,152.968,700.374,84.63,0.008,83.608,7.977,5.151,109.803,10.071,0.575,4.649,0.006,0.051,2.045,3.51,6.16,3.198,13.219,1.152,0.77,0.0,0.048,2.554,0.15,0.0,27.698,4.064,7.43,17.545,0.822,0.0,1.849,0.217,6.119,1.51,0.024,30.612,5.349,4.413,1.938,7.143,0.665,2.345,0.0,3.613,40.498,0.0,14.994,0.0,1.044,1.843,0.001,8.112,0.0,0.954,2.287,56.571,1.448,18.818,5.077,0.558
2008,0.0,8.43,8.291,2.722,0.505,0.334,0.65,0.093,73.426,54.059,425.823,17.915,8.467,301.904,18.131,1.536,19.346,21.473,214.562,182.459,3.225,152.217,153.791,727.727,83.621,0.009,85.172,8.155,5.433,132.414,10.447,0.54,4.521,0.006,0.064,2.555,3.322,5.319,3.86,13.677,1.169,0.939,0.0,0.048,2.608,0.218,0.0,26.023,1.689,9.418,17.534,0.694,0.0,1.69,0.224,8.8,1.964,0.023,31.797,5.054,4.308,2.227,6.101,0.622,1.651,0.0,3.891,37.726,0.0,15.661,0.0,0.96,1.609,0.001,7.528,0.0,0.929,2.567,58.244,2.57,19.65,5.88,0.172
2009,0.0,9.215,8.934,2.795,0.522,0.351,0.812,0.074,74.816,55.743,438.009,19.005,8.061,299.51,19.677,1.305,19.117,22.24,219.037,184.322,2.769,151.424,157.727,737.519,88.471,0.01,82.941,8.084,5.641,139.304,9.254,0.679,4.198,0.004,0.077,2.087,2.911,5.963,2.871,13.045,1.191,1.286,0.0,0.052,2.576,0.205,0.0,24.028,1.464,11.119,16.395,0.637,0.0,1.557,0.258,5.984,1.627,0.022,28.753,5.481,4.49,2.215,6.376,0.673,2.039,0.0,3.577,39.855,0.0,14.911,0.0,1.042,1.617,0.001,8.136,0.0,0.809,2.663,62.499,2.111,19.451,6.766,0.247
2010,0.0,9.194,7.676,2.847,0.78,0.333,1.271,0.071,83.066,55.932,471.364,19.717,8.6,307.567,22.652,1.926,20.329,22.973,249.676,196.364,4.082,147.191,158.644,778.931,91.246,0.01,79.406,8.161,4.908,163.42,9.105,0.769,4.752,0.005,0.039,1.954,2.925,9.566,2.913,14.209,0.815,1.701,0.0,0.043,4.0,0.137,0.0,25.05,2.156,11.451,20.572,0.833,0.0,1.815,0.293,8.313,1.577,0.024,26.687,5.593,4.535,1.766,6.669,0.789,3.837,0.0,4.499,38.103,0.0,15.134,0.0,1.278,1.253,0.001,11.72,0.0,0.906,2.931,59.472,2.274,17.372,6.257,0.291
2011,0.0,8.991,6.851,2.402,0.605,0.339,0.645,0.045,69.631,54.564,476.359,19.824,8.8,315.118,19.656,2.252,20.433,23.452,248.106,179.129,4.953,167.601,168.236,791.477,97.21,0.008,85.202,7.37,4.704,157.044,10.896,0.631,4.412,0.004,0.086,2.181,3.095,6.922,2.813,10.306,1.288,0.971,0.0,0.052,3.488,0.161,0.0,29.785,2.701,10.065,19.199,1.174,0.0,1.792,0.237,8.1,1.676,0.013,27.624,5.675,4.888,2.136,6.929,0.625,2.765,0.0,3.402,37.32,0.0,15.036,0.0,0.917,1.848,0.001,11.849,0.0,0.864,2.438,74.299,2.306,18.932,6.748,0.448
