title         = ASCII CSV version of worksheet 22, "Natural Gas: Consumption" from the 2012 British Petroleum Statistical Review
file URL      = http://mazamascience.com/Data/Energy/BP/2012/BP_2012_gas_consumption_m3.csv
original data = http://www.bp.com/assets/bp_internet/globalbp/globalbp_uk_english/reports_and_publications/statistical_energy_review_2012/STAGING/local_assets/spreadsheets/statistical_review_of_world_energy_full_report_2012.xlsx
country codes = ISO3166-1 two-letter codes or 'BP_~~~' for non-standard BP groupings (e.g. BP_TNA = Total North America)
units         = billion cubic metres

"YEAR","AE","AR","AT","AU","AZ","BD","BG","BP_BELU","BP_EU2","BP_FSU","BP_NONOECD","BP_OAF","BP_OAP","BP_OECD","BP_OEE","BP_OME","BP_OSCA","BP_TAF","BP_TAP","BP_TEE","BP_TME","BP_TNA","BP_TSCA","BP_WORLD","BR","BY","CA","CH","CL","CN","CO","CZ","DE","DK","DZ","EC","EG","ES","FI","FR","GB","GR","HK","HU","ID","IE","IL","IN","IR","IT","JP","KR","KW","KZ","LT","MX","MY","NL","NO","NZ","PE","PH","PK","PL","PT","QA","RO","RU","SA","SE","SG","SK","TH","TM","TR","TT","TW","UA","US","UZ","VE","VN","ZA"
1965,0.0,4.24,1.818,0.0,"na",0.0,0.061,0.07,39.33,116.247,160.695,0.18,0.242,490.253,116.606,0.796,0.0,1.001,5.814,155.936,10.196,463.784,14.216,650.948,0.0,"na",22.749,0.0,0.632,1.1,0.93,0.323,2.911,0.0,0.772,0.0,0.0,0.0,0.0,5.543,0.821,0.0,0.0,1.056,0.5,0.0,0.077,0.227,7.296,8.082,1.745,0.0,1.314,"na","na",8.362,0.0,1.43,0.0,0.0,0.38,0.0,1.769,1.637,0.0,0.081,15.257,"na",0.632,0.0,0.0,0.321,0.0,"na",0.0,1.169,0.229,"na",432.673,"na",6.773,0.0,0.0
1966,0.0,4.592,1.952,0.0,"na",0.0,0.091,0.127,44.686,129.681,177.849,0.263,0.31,530.288,130.12,0.957,0.0,1.122,6.465,174.806,10.961,499.588,15.196,708.137,0.058,"na",24.906,0.0,0.66,1.34,0.97,0.359,3.499,0.0,0.802,0.0,0.056,0.0,0.0,5.849,0.801,0.0,0.0,1.433,0.51,0.0,0.1,0.254,7.649,9.083,1.79,0.0,1.413,"na","na",8.802,0.0,2.74,0.0,0.0,0.397,0.0,1.999,1.946,0.0,0.082,16.449,"na",0.76,0.0,0.0,0.357,0.0,"na",0.0,1.371,0.257,"na",465.88,"na",7.102,0.0,0.0
1967,0.454,4.802,1.87,0.0,"na",0.0,0.277,0.483,52.773,142.775,195.973,0.271,0.386,563.314,143.283,0.896,0.0,1.105,7.331,196.056,12.029,526.399,16.368,759.287,0.066,"na",26.448,0.0,0.585,1.46,1.2,0.43,4.51,0.0,0.778,0.0,0.056,0.0,0.0,6.61,1.348,0.0,0.0,1.85,0.623,0.0,0.112,0.34,8.019,9.636,1.852,0.0,1.521,"na","na",7.567,0.0,4.82,0.0,0.0,0.371,0.0,2.332,2.378,0.0,0.112,18.134,"na",0.916,0.0,0.0,0.428,0.0,"na",0.0,1.513,0.332,"na",492.384,"na",7.782,0.0,0.0
1968,0.6,5.347,1.994,0.0,"na",0.0,0.424,1.175,66.717,154.161,211.419,0.246,0.444,614.954,154.797,0.97,0.0,1.119,7.986,221.514,13.372,565.16,17.223,826.373,0.07,"na",29.451,0.0,0.5,1.4,1.223,0.526,7.412,0.0,0.818,0.0,0.056,0.0,0.0,7.877,3.043,0.0,0.0,2.383,0.633,0.0,0.143,0.378,8.408,10.777,2.015,0.0,1.637,"na","na",8.107,0.0,8.13,0.0,0.0,0.413,0.0,2.617,3.267,0.0,0.513,19.188,"na",1.101,0.0,0.0,0.521,0.0,"na",0.0,1.588,0.468,"na",527.601,"na",8.033,0.0,0.0
1969,0.59,5.327,2.42,0.42,"na",0.0,0.441,2.42,86.694,164.75,229.209,0.189,0.452,678.298,165.54,1.332,0.0,1.335,10.521,252.232,14.821,610.871,17.728,907.508,0.073,"na",32.913,0.0,0.658,1.96,1.336,0.664,10.556,0.0,1.076,0.0,0.071,0.093,0.0,9.481,5.93,0.0,0.0,2.844,1.193,0.0,0.147,0.453,8.814,12.391,2.23,0.0,1.761,"na","na",10.028,0.0,11.98,0.0,0.0,0.421,0.0,3.224,4.529,0.0,0.85,22.281,"na",1.326,0.0,0.0,0.66,0.0,"na",0.0,1.597,0.588,"na",567.93,"na",8.267,0.0,0.0
1970,0.84,6.02,2.934,1.74,"na",0.0,0.398,3.798,107.986,181.031,250.308,0.566,0.543,735.722,182.078,1.456,0.054,1.662,14.626,290.094,16.33,645.194,18.125,986.03,0.079,"na",36.361,0.0,0.657,2.87,1.298,0.846,15.012,0.0,1.011,0.067,0.085,0.074,0.0,10.292,11.3,0.0,0.0,3.039,1.239,0.0,0.135,0.658,9.241,13.646,3.414,0.0,2.037,"na","na",10.232,0.0,16.86,0.0,0.111,0.413,0.0,3.486,5.776,0.0,1.006,23.159,"na",1.617,0.0,0.0,0.84,0.0,"na",0.0,1.827,0.558,"na",598.601,"na",7.71,0.0,0.0
1971,1.33,6.499,3.371,2.597,"na",0.0,0.274,5.237,131.95,197.881,271.946,0.6,0.529,780.739,199.128,1.716,0.059,1.833,17.296,331.159,17.318,666.532,18.547,1052.685,0.124,"na",38.81,0.099,0.67,3.74,1.382,0.959,19.832,0.0,1.148,0.067,0.085,0.394,0.0,12.371,18.22,0.0,0.0,3.24,1.253,0.0,0.126,0.697,9.688,13.937,3.661,0.0,2.104,"na","na",10.6,0.081,22.03,0.0,0.141,0.493,0.0,3.476,6.353,0.0,1.006,24.762,"na",1.349,0.0,0.0,0.952,0.0,"na",0.0,1.78,1.121,"na",617.122,"na",7.472,0.0,0.0
1972,1.38,7.293,3.643,3.728,"na",0.42,0.186,6.603,157.626,208.129,286.645,1.052,0.472,821.647,209.763,1.896,0.108,2.456,20.011,367.389,17.907,680.838,19.692,1108.292,0.17,"na",43.653,0.126,0.61,4.84,1.672,1.063,25.678,0.0,1.333,0.097,0.071,1.16,0.0,14.699,25.856,0.0,0.0,3.408,1.229,0.0,0.125,0.764,9.388,13.668,3.662,0.0,2.487,"na","na",11.341,0.113,28.66,0.0,0.256,0.474,0.0,3.221,6.684,0.0,1.103,25.137,"na",1.529,0.0,0.0,1.057,0.0,"na",0.0,1.84,1.305,"na",625.844,"na",7.427,0.0,0.0
1973,1.73,8.299,4.004,4.733,"na",0.581,0.187,7.937,179.739,226.345,315.25,1.719,1.088,847.172,228.229,2.464,0.122,3.632,24.626,407.895,20.725,683.35,22.194,1162.421,0.195,"na",46.423,0.17,0.479,5.98,1.662,1.151,33.112,0.0,1.856,0.056,0.057,1.12,0.0,17.444,27.974,0.0,0.0,4.052,0.8,0.0,0.054,0.762,10.311,16.0,5.096,0.0,2.786,"na","na",12.558,0.114,31.86,0.0,0.297,0.464,0.0,3.669,6.952,0.0,1.58,26.559,"na",1.8,0.0,0.0,1.143,0.0,"na",0.0,1.767,1.506,"na",624.369,"na",9.149,0.0,0.0
1974,1.8,8.784,4.341,5.4,"na",0.639,0.407,9.301,203.253,240.007,338.416,1.838,1.813,850.141,242.127,2.751,0.128,4.046,30.524,445.411,24.116,661.114,23.346,1188.557,0.375,"na",46.927,0.357,0.499,7.53,1.687,1.402,41.423,0.0,2.148,0.111,0.06,1.4,0.438,19.111,33.46,0.0,0.0,4.249,1.127,0.0,0.066,0.863,12.992,17.522,6.964,0.0,2.931,"na","na",13.215,0.236,33.92,0.0,0.309,0.478,0.0,4.059,7.146,0.0,1.298,27.413,"na",2.278,0.0,0.0,1.393,0.0,"na",0.0,1.615,1.586,"na",600.972,"na",9.669,0.0,0.0
1975,1.66,9.0,4.336,5.799,"na",0.642,1.08,9.19,215.506,261.868,369.353,2.356,1.542,815.455,264.151,3.307,0.168,5.366,35.628,479.852,25.461,615.135,23.366,1184.808,0.408,"na",48.46,0.576,0.566,8.85,1.623,1.53,43.714,0.0,2.96,0.139,0.0,1.444,0.726,18.889,35.06,0.0,0.0,4.844,2.33,0.0,0.06,1.105,12.302,20.0,8.341,0.0,3.212,"na","na",13.432,0.55,35.356,0.0,0.335,0.59,0.0,4.56,7.652,0.0,2.21,29.783,"na",2.71,0.0,0.0,1.52,0.0,"na",0.0,1.467,1.574,"na",553.243,"na",9.404,0.0,0.0
1976,1.94,10.13,4.938,6.846,"na",0.846,1.888,9.708,235.677,288.169,407.485,2.376,1.55,846.887,290.644,3.96,0.208,6.256,41.017,526.485,26.498,626.91,27.206,1254.372,0.47,"na",48.89,0.6,0.618,10.1,1.704,1.783,46.266,0.0,3.5,0.127,0.38,1.658,0.851,21.111,37.188,0.0,0.0,5.93,2.35,0.0,0.058,1.342,12.27,24.42,9.998,0.0,3.864,"na","na",13.198,0.64,36.735,0.0,0.897,0.64,0.0,4.65,8.165,0.0,1.48,32.829,"na",2.926,0.0,0.0,1.772,0.0,"na",0.0,1.652,1.799,"na",564.822,"na",11.658,0.0,0.0
1977,3.38,10.58,5.032,7.82,"na",0.943,2.409,9.551,246.25,308.777,440.766,2.819,1.658,850.293,311.393,3.516,0.238,7.009,50.566,558.249,27.879,617.964,29.392,1291.059,0.586,"na",51.28,0.686,0.636,12.12,1.969,2.254,49.132,0.0,3.73,0.081,0.46,1.594,0.802,22.667,39.526,0.0,0.0,6.287,5.0,0.0,0.058,1.433,10.986,23.989,12.21,0.0,4.213,"na","na",13.922,0.93,36.868,0.381,1.473,0.636,0.0,5.08,8.663,0.0,1.61,34.776,"na",4.117,0.0,0.0,2.24,0.0,"na",0.0,1.941,1.898,"na",552.761,"na",12.726,0.0,0.0
1978,4.01,10.29,5.234,8.419,"na",1.041,2.57,9.47,256.167,329.271,471.56,3.315,1.236,871.696,332.199,4.077,0.256,10.045,58.425,589.253,30.142,625.067,30.324,1343.257,0.771,"na",51.77,0.752,0.594,13.73,2.507,2.539,52.669,0.0,5.99,0.083,0.74,1.633,0.938,23.222,40.999,0.0,0.0,6.849,5.78,0.0,0.057,1.601,10.122,25.0,17.136,0.0,4.721,"na","na",17.508,1.01,36.948,0.64,1.383,0.664,0.0,5.22,9.12,0.0,1.479,35.949,"na",5.677,0.0,0.0,2.522,0.0,"na",0.0,2.318,1.87,"na",555.788,"na",12.841,0.0,0.0
1979,4.36,10.58,5.19,9.691,"na",1.198,2.75,10.347,270.037,349.537,512.844,5.797,1.609,912.878,352.901,5.096,0.299,15.387,66.487,623.99,40.004,646.983,32.873,1425.723,0.845,"na",52.56,0.843,0.703,14.51,2.859,2.881,58.219,0.0,8.47,0.06,1.12,1.578,0.943,25.889,44.919,0.0,0.0,7.266,7.46,0.287,0.0,1.991,12.924,25.449,20.331,0.0,6.251,"na","na",21.268,1.1,36.778,0.731,0.912,0.614,0.0,5.88,9.512,0.0,4.362,34.644,"na",6.97,0.0,0.0,2.862,0.0,"na",0.0,2.53,1.805,"na",573.155,"na",14.382,0.0,0.0
1980,4.92,11.53,4.986,11.128,"na",1.349,3.534,9.901,270.932,360.254,528.058,5.741,1.944,908.036,364.101,4.348,0.31,19.542,71.952,636.309,35.193,638.112,34.986,1436.094,0.988,"na",52.23,0.962,0.72,14.27,3.167,3.673,57.397,0.0,11.37,0.0,2.18,2.023,0.88,26.222,44.786,0.0,0.0,7.78,7.03,0.838,0.0,1.177,6.918,25.444,24.059,0.0,4.071,"na","na",23.019,1.1,33.623,0.786,0.847,0.66,0.0,7.18,9.747,0.0,5.21,35.978,"na",9.724,0.0,0.0,3.649,0.0,"na",0.0,2.759,1.867,"na",562.862,"na",14.806,0.0,0.252
1981,6.21,12.05,4.752,12.061,"na",1.624,3.844,9.132,269.095,381.489,558.044,6.41,2.18,892.432,385.204,3.64,0.353,23.875,73.854,655.942,35.739,625.061,36.006,1450.476,0.887,"na",50.68,1.039,0.709,12.74,3.394,3.472,54.879,0.0,14.78,0.076,2.44,2.31,0.699,27.222,45.392,0.0,0.0,7.983,7.02,1.26,0.0,2.055,5.694,25.333,24.107,0.0,4.684,"na","na",24.925,1.33,32.006,0.966,1.042,0.758,0.0,7.83,9.194,0.0,4.17,37.804,"na",11.338,0.0,0.0,3.45,0.263,"na",0.0,2.893,1.591,"na",549.456,"na",14.886,0.0,0.244
1982,6.52,13.69,4.6,11.763,"na",1.931,4.254,7.613,262.814,411.814,601.316,6.057,2.254,851.988,416.297,5.032,0.368,25.719,76.641,680.983,39.41,590.596,39.955,1453.304,1.267,"na",53.67,1.097,0.734,11.93,3.579,3.61,50.924,0.0,16.77,0.098,2.67,2.519,0.689,26.667,45.166,0.0,0.0,8.342,6.67,1.849,0.0,2.695,7.2,24.479,24.687,0.0,3.676,"na","na",27.193,1.58,30.574,1.042,1.878,0.796,0.0,8.54,9.19,0.0,4.92,38.449,"na",12.017,0.0,0.0,3.587,1.342,"na",0.0,3.541,1.352,"na",509.733,"na",15.883,0.0,0.222
1983,5.95,14.72,4.694,12.778,"na",2.182,4.47,7.911,268.633,441.568,643.997,6.568,2.52,826.317,446.357,5.224,0.4,28.31,84.638,717.119,42.759,555.785,41.704,1470.314,1.713,"na",51.18,1.206,0.792,12.21,3.841,3.692,52.943,0.0,18.36,0.121,3.13,2.724,0.642,24.667,47.08,0.0,0.0,8.342,8.95,2.0,0.064,3.206,11.0,25.111,26.567,0.0,4.036,"na","na",27.893,2.72,32.696,1.173,2.037,0.524,0.0,8.42,9.4,0.0,4.75,38.287,"na",11.734,0.0,0.0,3.669,1.58,"na",0.0,3.952,1.402,"na",476.712,"na",15.64,0.066,0.252
1984,8.18,15.67,5.227,12.601,"na",2.549,4.7,8.164,281.928,481.817,705.613,6.731,2.572,886.762,487.144,5.786,0.351,27.134,99.57,771.273,56.027,593.36,45.01,1592.375,1.994,"na",56.81,1.344,0.81,12.43,3.881,4.142,55.289,0.113,16.13,0.174,4.02,2.234,0.73,26.089,48.168,0.086,0.0,8.396,10.45,2.119,0.056,3.672,13.5,29.398,35.731,0.0,4.376,"na","na",28.248,4.49,34.726,1.129,2.608,0.708,0.0,8.64,9.778,0.0,5.93,38.144,"na",18.2,0.0,0.0,4.116,2.359,"na",0.0,4.122,1.411,"na",508.302,"na",17.3,0.057,0.253
1985,10.12,16.01,5.6,13.47,13.195,2.838,5.126,8.203,296.038,527.946,762.708,7.848,2.892,883.767,21.327,7.26,0.387,28.996,110.266,824.689,60.533,576.091,45.9,1646.475,2.501,8.968,57.98,1.408,0.809,12.93,4.02,4.121,54.649,0.644,15.98,0.178,4.93,2.37,0.933,25.844,51.803,0.08,0.0,9.567,12.36,2.182,0.053,4.491,14.6,30.244,38.274,0.0,4.2,8.371,4.189,28.77,6.46,36.604,1.19,3.329,0.552,0.0,8.82,9.918,0.0,5.5,35.467,350.416,18.8,0.1,0.0,4.699,3.101,8.38,0.0,4.118,1.265,87.123,489.342,31.919,17.326,0.0,0.239
1986,12.29,17.3,5.437,14.714,14.661,3.232,5.091,7.366,301.323,544.468,806.613,9.15,3.042,858.09,21.721,8.48,0.442,32.581,119.734,847.237,72.72,542.736,49.697,1664.704,2.914,9.14,57.83,1.442,0.74,13.76,4.12,4.501,54.49,1.148,17.5,0.177,5.68,2.792,1.133,26.9,52.666,0.099,0.0,10.103,13.33,1.539,0.0,6.275,15.2,32.084,38.945,0.068,5.73,10.136,4.198,25.57,8.09,36.511,1.311,4.011,0.586,0.0,9.46,10.511,0.0,5.78,36.104,354.48,25.2,0.222,0.0,4.743,3.617,13.574,0.418,4.344,1.153,91.945,459.336,30.769,19.074,0.0,0.25
1987,14.02,17.31,5.672,15.022,14.48,3.829,5.678,8.122,316.107,571.08,842.193,9.139,3.077,905.408,23.778,8.674,0.53,33.551,126.72,889.44,76.11,571.947,49.834,1747.601,3.252,10.317,58.623,1.547,0.718,13.89,4.188,4.869,59.078,1.457,17.9,0.164,6.28,2.989,1.503,27.778,54.09,0.111,0.0,10.08,13.79,1.533,0.0,7.229,16.0,35.75,39.941,2.104,4.78,10.588,4.384,25.969,7.57,37.678,1.443,3.882,0.582,0.0,10.13,10.852,0.0,5.79,35.454,374.932,26.8,0.318,0.0,4.8,5.054,13.484,0.522,4.502,1.166,93.936,487.356,32.217,18.587,0.0,0.232
1988,14.18,20.22,5.433,15.384,14.299,4.268,5.514,8.016,311.35,602.218,897.445,9.848,2.797,934.365,26.76,10.988,0.539,37.172,135.766,916.394,87.389,600.913,54.176,1831.81,3.274,11.946,64.156,1.557,1.009,14.36,4.298,4.934,58.16,1.777,20.17,0.192,6.92,3.857,1.609,26.222,51.522,0.15,0.0,9.826,14.64,1.839,0.0,8.468,20.0,37.973,42.362,2.718,6.84,11.041,4.571,26.215,8.19,34.081,1.818,4.212,0.549,0.0,10.74,10.776,0.0,6.24,35.564,395.656,29.1,0.454,0.0,4.874,6.27,13.665,1.186,5.068,1.33,99.548,510.541,31.764,19.028,0.0,0.234
1989,17.27,21.24,5.836,16.787,15.023,4.716,6.308,8.908,321.402,614.985,928.101,11.652,2.582,984.725,28.597,12.264,0.667,38.61,144.786,941.475,95.652,636.226,56.075,1912.826,3.357,12.579,69.365,1.693,1.574,15.03,3.967,5.08,59.523,1.894,18.98,0.152,7.74,4.951,2.137,27.111,50.351,0.151,0.0,10.207,16.39,2.086,0.0,10.068,22.2,40.972,44.002,2.63,8.16,11.402,4.851,25.471,9.45,34.93,2.013,4.324,0.466,0.0,11.45,10.578,0.0,5.92,35.424,401.538,29.8,0.713,0.0,5.139,5.984,14.118,3.153,5.116,1.34,100.633,541.39,33.574,19.538,0.0,0.238
1990,16.91,20.29,6.423,16.897,15.322,4.76,5.92,9.077,325.799,643.236,959.258,11.06,2.498,999.937,27.316,12.042,0.727,39.662,154.609,973.711,95.695,637.695,57.823,1959.195,3.056,13.403,67.219,1.812,1.69,15.25,4.128,5.407,59.922,2.019,20.27,0.25,8.07,5.57,2.506,29.333,52.426,0.154,0.0,9.627,16.919,2.086,0.0,12.044,22.7,43.429,48.072,3.023,4.19,12.154,5.588,27.529,9.91,34.588,2.132,4.302,0.446,0.0,12.23,9.931,0.0,6.3,30.751,407.602,33.52,0.683,0.0,5.91,6.522,9.512,3.373,5.271,2.141,124.0,542.947,35.738,21.966,0.0,0.262
1991,20.36,20.66,6.81,16.207,14.661,5.29,5.039,9.705,335.784,645.863,967.466,10.576,2.391,1034.124,24.189,11.82,0.754,39.966,167.743,986.367,98.252,650.778,58.485,2001.59,3.177,14.027,67.65,2.034,1.463,15.89,4.103,5.926,62.891,2.331,20.02,0.307,9.08,6.123,2.644,30.556,56.632,0.138,0.0,9.601,19.477,2.137,0.0,13.414,22.744,46.152,50.829,3.502,0.5,12.761,5.41,29.194,11.6,38.641,2.402,4.677,0.418,0.0,13.21,9.26,0.0,7.63,24.729,418.19,35.17,0.657,0.0,5.422,8.082,9.321,4.132,5.7,3.102,117.828,553.934,36.018,21.902,0.072,0.289
1992,18.75,22.34,6.688,16.773,11.402,5.736,4.326,10.055,329.855,609.511,953.739,11.297,2.484,1059.473,21.74,13.602,0.857,42.541,177.157,948.691,110.866,673.644,60.313,2013.212,3.599,16.29,71.679,2.139,1.676,15.88,4.04,5.799,63.027,2.45,20.67,0.308,9.82,6.501,2.743,31.444,56.36,0.141,0.0,8.23,21.241,2.113,0.0,14.997,25.0,45.72,52.844,4.581,2.62,13.123,2.986,29.172,11.69,37.606,2.586,4.964,0.377,0.0,12.96,8.625,0.0,12.62,25.374,404.797,38.25,0.74,1.1,5.463,8.623,9.05,4.521,5.5,3.074,100.452,572.793,36.199,21.617,0.21,0.754
1993,19.64,23.59,7.033,17.391,8.416,6.148,4.123,10.452,343.944,590.866,955.219,11.685,2.869,1099.03,16.278,14.231,0.884,42.556,187.137,946.021,119.41,694.33,64.796,2054.249,4.216,15.114,75.889,2.243,1.616,16.76,4.239,5.926,66.389,2.754,18.55,0.354,11.29,6.477,2.84,32.259,64.228,0.103,0.0,8.962,22.531,2.401,0.0,15.239,26.556,46.811,53.21,5.723,5.42,12.579,1.679,29.734,12.848,38.755,2.72,4.826,0.397,0.0,14.92,9.06,0.0,13.5,25.242,403.62,40.04,0.811,1.5,5.151,9.705,9.05,4.952,6.17,3.217,90.135,588.707,39.457,23.329,0.25,1.03
1994,22.71,24.25,7.234,19.32,7.873,6.621,4.083,10.747,345.01,550.106,940.076,11.969,3.09,1126.001,14.13,15.364,1.037,44.584,203.536,905.928,132.136,711.679,68.213,2066.077,4.605,13.212,78.481,2.213,1.687,17.342,4.154,6.342,67.937,3.077,19.55,0.32,12.0,7.2,3.057,30.874,66.137,0.0,0.0,9.367,26.683,2.442,0.0,16.475,31.8,45.289,56.906,7.618,5.97,9.955,1.959,31.55,13.38,37.428,2.92,4.502,0.414,0.0,15.21,9.129,0.0,13.5,24.179,379.186,42.77,0.812,1.5,5.003,10.728,9.864,5.251,7.07,3.906,78.914,601.648,40.09,24.676,0.25,1.064
1995,24.79,26.99,7.899,19.515,7.783,7.381,4.966,11.79,372.148,530.75,947.943,12.832,3.383,1187.237,14.128,16.661,1.148,47.466,212.692,914.836,142.384,742.733,75.07,2135.181,5.082,11.946,82.461,2.439,1.642,17.741,4.407,7.257,74.446,3.563,21.01,0.309,12.6,8.338,3.167,33.05,70.516,0.0,0.0,10.178,28.136,2.599,0.0,18.782,35.2,49.853,57.914,9.213,9.278,10.498,2.332,31.44,13.367,38.494,2.948,4.252,0.401,0.0,15.6,9.994,0.0,13.5,24.001,366.516,42.93,0.816,1.5,5.701,11.359,7.783,6.793,7.59,4.364,73.936,628.832,41.086,27.501,0.146,1.024
1996,27.15,30.97,8.408,19.656,5.701,7.569,5.166,13.129,409.601,533.431,984.313,14.386,3.4,1250.622,13.989,17.434,1.178,50.02,233.516,957.358,150.912,759.985,83.142,2234.934,5.599,12.579,86.578,2.64,1.655,18.488,4.704,8.394,83.602,4.197,21.58,0.328,13.0,9.334,3.307,36.137,82.148,0.0,2.053,11.356,29.291,2.952,0.0,20.5,38.9,51.541,61.793,12.172,9.302,4.757,2.519,33.164,17.404,42.417,3.2,4.857,0.407,0.0,16.95,10.495,0.0,13.7,24.18,368.561,44.41,0.871,1.5,6.166,13.131,9.683,7.906,8.57,4.453,80.0,640.244,41.991,29.731,0.287,1.055
1997,29.0,28.54,8.103,19.305,5.43,7.579,4.11,12.516,402.075,502.534,970.523,14.428,3.371,1263.005,15.165,19.864,1.147,48.974,246.568,921.273,165.133,766.646,84.934,2233.528,6.085,14.389,87.172,2.549,2.579,19.544,5.913,8.532,79.183,4.386,20.16,0.299,13.4,12.286,3.238,34.624,84.473,0.187,3.206,10.789,30.553,3.086,0.0,22.288,47.1,53.148,64.141,14.792,9.27,5.783,2.64,35.634,16.264,39.838,3.696,5.2,0.241,0.0,16.9,10.464,0.1,14.54,19.972,339.91,45.34,0.819,1.5,6.257,16.165,9.774,9.721,9.3,5.222,72.036,643.84,44.072,30.83,0.531,0.986
1998,30.39,30.51,8.319,19.793,5.067,7.774,3.477,13.86,415.354,511.02,999.557,14.974,3.642,1266.967,15.058,21.549,1.388,50.646,254.305,943.753,174.782,752.548,90.49,2266.525,6.377,14.57,83.429,2.623,3.661,20.257,6.204,8.539,79.699,4.729,20.85,0.304,13.7,13.129,3.718,37.333,87.891,0.835,3.008,10.856,29.457,3.12,0.0,24.46,51.75,57.222,66.08,13.838,9.491,4.38,2.312,39.182,17.41,39.574,3.774,4.621,0.409,0.0,17.8,10.571,0.808,14.77,18.693,353.846,46.82,0.853,1.5,6.362,17.571,9.955,10.271,9.3,6.186,66.697,629.937,45.61,32.336,0.9,1.123
1999,31.42,32.36,8.498,20.226,5.43,8.286,2.984,14.817,429.638,518.733,1021.106,15.641,3.604,1302.006,13.407,22.49,1.759,54.61,270.334,967.102,181.071,760.481,89.514,2323.112,7.567,14.842,87.362,2.719,5.001,21.494,5.179,8.607,80.154,4.959,21.31,0.287,16.4,15.039,3.662,37.935,93.564,1.498,3.317,11.0,32.012,3.337,0.0,25.063,58.36,62.196,69.401,16.849,8.64,6.18,2.408,38.68,16.1,38.522,3.606,5.344,0.411,0.0,20.3,10.292,2.254,13.95,17.181,352.76,46.2,0.84,1.5,6.439,19.235,10.951,12.382,9.54,6.295,70.86,634.439,47.782,27.41,1.3,1.259
2000,31.43,33.21,8.111,20.538,5.248,9.982,3.258,14.854,440.402,520.928,1053.413,17.393,3.888,1355.665,13.977,23.341,1.774,58.413,290.825,982.605,186.741,794.518,95.976,2409.078,9.429,15.746,92.696,2.703,6.456,24.503,5.924,8.347,79.468,4.894,19.846,0.312,20.0,16.914,3.749,39.293,96.858,2.01,2.999,10.722,29.741,3.826,0.0,26.351,62.89,64.85,72.289,18.924,9.6,6.832,2.723,41.105,24.14,38.928,4.048,5.618,0.346,0.0,21.5,11.066,2.373,9.66,17.12,354.027,49.81,0.742,0.0,6.482,21.951,12.217,14.566,10.6,6.789,70.95,660.717,45.701,27.924,1.6,1.175
2001,37.86,31.09,8.597,22.019,7.528,10.729,3.042,14.644,451.878,539.597,1112.896,17.611,3.753,1340.735,15.297,23.708,2.323,63.823,308.391,1014.192,206.808,759.753,100.665,2453.632,11.938,15.656,88.193,2.813,7.318,27.43,6.076,8.938,82.89,5.114,20.501,0.318,24.5,18.228,4.062,41.942,96.359,1.984,3.026,11.9,31.02,3.99,0.0,26.418,70.09,65.028,74.26,20.787,10.5,8.165,2.829,41.822,25.211,40.022,3.751,5.912,0.37,0.142,22.7,11.53,2.557,10.95,16.566,366.244,53.69,0.709,0.907,6.921,24.764,12.489,16.027,11.64,7.313,68.778,629.738,49.592,29.593,2.0,1.21
2002,36.44,30.27,8.524,22.43,7.55,11.449,2.67,14.864,451.557,541.667,1145.369,17.977,3.646,1370.378,14.756,24.644,2.398,65.764,325.05,1017.498,217.593,787.754,102.087,2515.747,14.104,16.109,90.169,2.761,7.38,29.184,6.146,8.707,82.598,5.102,20.243,0.231,26.5,20.841,4.034,40.549,95.102,2.134,2.875,11.83,32.877,4.096,0.0,27.589,79.23,64.587,72.653,23.099,9.46,8.7,2.86,45.533,26.169,39.817,4.003,5.62,0.442,1.761,24.61,11.237,3.113,11.11,17.19,367.692,56.7,0.816,3.607,6.476,26.904,12.851,17.378,12.7,8.178,67.692,652.053,50.86,28.416,2.4,1.044
2003,37.88,34.58,9.401,22.439,7.742,12.324,2.778,16.002,473.715,557.862,1205.606,20.433,4.171,1393.717,15.281,24.962,3.087,72.563,351.306,1059.623,229.04,778.899,107.892,2599.323,15.786,15.837,97.659,2.919,7.984,33.908,6.024,8.712,85.543,5.173,21.396,0.253,29.7,23.617,4.489,43.017,95.363,2.412,1.849,13.203,34.97,4.066,0.0,29.534,82.9,71.208,79.773,24.194,11.02,9.562,3.106,50.44,27.327,40.022,4.313,4.286,0.523,2.684,30.44,12.512,3.018,12.21,18.33,384.887,60.06,0.826,4.035,6.298,28.557,14.208,20.938,14.43,8.44,69.05,630.8,45.791,25.224,2.373,1.034
2004,40.21,37.91,9.486,22.792,8.327,12.771,2.769,16.189,486.654,566.435,1260.923,23.833,4.549,1418.46,16.946,26.549,2.943,79.689,366.633,1083.218,247.102,785.196,117.545,2679.383,18.78,17.918,95.071,3.011,8.667,39.672,6.301,9.11,85.862,5.171,22.016,0.321,31.7,27.413,4.326,45.055,97.441,2.652,2.671,13.01,32.201,4.059,1.193,31.864,86.54,73.891,77.008,28.351,11.9,7.497,3.089,55.755,24.708,40.858,4.561,3.852,0.86,2.479,34.46,13.201,3.759,15.03,17.49,394.118,65.68,0.823,5.034,6.109,29.89,15.023,22.108,13.36,10.172,68.507,634.37,43.438,28.405,4.16,2.141
2005,42.05,40.4,10.001,22.166,8.601,13.79,3.121,16.364,494.775,576.904,1341.058,25.019,5.21,1425.628,17.165,28.381,3.272,82.989,398.397,1105.931,279.206,777.262,122.901,2766.686,19.71,18.371,97.802,3.092,8.384,46.763,6.698,9.56,86.25,4.979,23.227,0.372,31.6,32.356,3.958,43.98,94.957,2.67,2.677,13.433,33.25,3.863,1.655,35.663,104.98,79.077,78.553,30.355,12.2,9.343,3.266,56.081,31.43,39.284,4.459,3.587,1.517,3.283,35.5,13.594,4.235,18.7,17.6,400.271,71.24,0.784,6.837,6.559,32.547,16.109,26.865,15.13,10.346,69.05,623.379,42.715,27.419,6.44,3.142
2006,43.36,41.8,9.397,24.413,9.092,14.923,3.216,16.67,487.81,586.547,1398.575,24.406,5.484,1425.692,17.754,31.481,3.911,88.121,424.732,1112.229,291.464,772.249,135.473,2824.268,20.779,19.005,96.945,3.007,7.758,56.141,7.028,9.292,87.179,5.089,23.74,0.749,36.5,33.663,4.23,42.114,90.06,3.148,2.937,12.727,33.185,4.466,2.313,37.275,108.7,77.442,83.739,32.004,12.5,9.9,3.236,60.855,33.738,38.086,4.397,3.679,1.775,2.643,36.12,13.748,4.068,19.61,18.128,408.507,73.5,0.901,7.052,5.975,33.301,18.371,30.493,20.19,11.097,66.968,614.449,41.9,31.483,7.0,3.475
2007,49.167,43.92,8.898,26.581,8.005,15.914,3.241,16.587,481.985,600.949,1453.079,28.261,5.954,1477.29,18.227,32.311,4.5,94.409,458.253,1126.248,303.146,813.676,134.637,2930.369,21.148,18.846,96.2,2.927,4.573,70.523,7.441,8.651,82.906,4.555,24.292,0.52,38.36,35.113,3.913,42.424,91.055,3.822,2.744,11.891,31.322,4.77,2.758,40.073,113.04,77.822,90.234,34.663,12.1,8.384,3.615,63.249,33.409,37.018,4.259,4.05,2.676,3.156,36.8,13.752,4.335,19.35,16.083,422.081,74.42,1.033,8.621,5.655,35.358,21.267,36.061,20.25,11.773,63.167,654.227,45.882,29.609,7.08,3.496
2008,59.459,44.41,9.508,25.516,9.159,16.99,3.241,16.487,491.256,593.93,1505.877,30.204,5.692,1499.21,17.346,36.463,4.732,100.138,479.816,1130.613,331.895,821.331,141.293,3005.087,24.646,19.24,96.074,3.119,2.654,81.293,7.56,8.688,81.234,4.59,25.355,0.455,40.84,38.647,4.001,43.8,93.867,4.001,3.174,11.764,33.304,4.99,4.146,41.327,119.29,77.809,93.74,35.671,12.75,8.057,3.245,66.126,33.752,38.583,4.329,3.821,3.397,3.3,37.5,14.946,4.626,19.346,15.882,416.018,80.44,0.938,8.236,5.74,37.372,20.543,37.5,21.94,11.629,60.0,659.132,48.717,31.499,7.499,3.74
2009,59.065,43.158,9.284,25.198,7.82,18.491,2.318,16.791,460.138,542.126,1479.241,25.739,5.153,1451.352,14.887,38.608,5.054,98.875,497.162,1045.425,344.095,809.893,135.142,2930.593,19.788,16.124,94.934,2.994,3.119,89.52,8.706,8.182,78.023,4.411,27.233,0.481,42.54,34.551,3.571,42.193,86.713,3.373,3.082,10.117,37.368,4.788,4.513,51.01,131.36,71.522,87.445,33.908,12.082,7.783,2.727,66.218,33.655,38.89,4.134,3.995,3.474,3.297,38.41,14.421,4.71,20.017,13.257,389.646,78.45,1.148,8.061,4.917,39.213,19.931,35.7,20.858,11.347,46.968,648.741,43.529,30.504,8.01,3.362
2010,60.791,43.286,10.082,25.711,7.434,19.907,2.553,18.844,496.916,580.66,1616.859,31.548,5.335,1536.192,16.164,44.015,5.439,106.889,557.899,1124.613,377.276,836.193,150.182,3153.052,26.804,19.713,95.045,3.344,4.71,107.576,9.083,9.28,83.304,4.989,26.314,0.452,45.11,34.647,3.946,46.864,93.961,3.651,3.83,10.895,40.287,5.227,5.302,61.876,144.58,76.066,94.507,43.008,14.509,8.169,3.117,67.903,31.869,43.596,4.113,4.284,5.418,3.068,39.63,15.508,5.015,20.419,13.579,414.149,87.66,1.559,8.403,5.563,45.105,22.62,39.0,22.6,14.101,52.127,673.244,45.534,32.391,9.402,3.917
2011,62.94,46.536,9.473,25.61,8.151,19.887,2.923,16.055,447.936,599.537,1688.371,27.879,5.723,1534.575,16.593,42.673,5.191,109.803,590.609,1101.101,403.122,863.792,154.52,3222.946,26.713,18.299,104.82,2.916,5.259,130.71,9.007,8.413,72.53,4.179,28.036,0.452,49.62,32.144,3.551,40.348,80.2,4.537,3.051,10.158,37.93,4.68,4.982,61.119,153.34,71.345,105.505,46.566,16.18,9.231,3.397,68.915,28.511,38.056,4.027,3.855,6.24,3.558,39.154,15.353,5.107,23.777,13.846,424.567,99.231,1.261,8.77,6.247,46.603,24.963,45.746,21.99,15.522,53.665,690.056,49.14,33.132,8.536,4.267
